,VIXY.P,TVIX.O,UVXY.P,VXX.BAT,SPX.GI
0,20.61,665000.0,60825.0,,2058.2
1,22.15,762500.0,69575.0,,2020.58
2,22.63,802500.0,72675.0,,2002.61
3,21.88,747500.0,68075.0,,2025.9
4,20.48,660000.0,59700.0,,2062.14
5,21.28,702500.0,63925.0,,2044.81
6,22.29,767500.0,69975.0,,2028.26
7,22.93,815000.0,74125.0,,2023.03
8,23.34,845000.0,76925.0,,2011.27
9,24.06,895000.0,81500.0,,1992.67
10,23.55,857500.0,78050.0,,2019.42
11,23.34,842500.0,76725.0,,2022.55
12,22.21,767500.0,69449.75,,2032.12
13,20.81,675000.0,60550.0,,2063.15
14,21.34,705000.0,63425.0,,2051.82
15,20.38,647500.0,57800.0,,2057.09
16,21.26,692500.0,62700.0,,2029.55
17,23.06,800000.0,73000.0,,2002.16
18,22.28,747500.0,67825.0,,2021.25
19,24.55,885000.0,80900.0,,1994.99
20,23.21,797500.0,72575.0,,2020.85
21,22.11,727500.0,65800.0,,2050.03
22,22.73,762500.0,69450.0,,2041.51
23,21.88,715000.0,64025.0,,2062.52
24,22.82,765000.0,69500.0,,2055.47
25,22.93,775000.0,70400.0,,2046.74
26,22.06,720000.0,65075.0,,2068.59
27,22.15,727500.0,65650.0,,2068.53
28,20.84,655000.0,57950.0,,2088.48
29,20.59,642500.0,56425.0,,2096.99
30,20.64,645000.0,56700.0,,2100.34
31,20.46,632500.0,55825.0,,2099.68
32,20.01,605000.0,53425.0,,2097.45
33,19.29,570000.0,49525.0,,2110.3
34,19.36,575000.0,49875.0,,2109.66
35,18.55,532500.0,45700.0,,2115.48
36,18.68,542500.0,46225.0,,2113.86
37,18.45,520000.0,45125.25,,2110.74
38,18.38,520000.0,44600.0,,2104.5
39,17.74,497500.0,41700.0,,2117.39
40,18.13,507500.0,43400.0,,2107.78
41,18.08,502500.0,43300.0,,2098.53
42,17.84,495000.0,42181.0,,2101.04
43,18.66,525000.0,45950.0,,2071.26
44,18.4,507500.0,44600.0,,2079.43
45,18.99,535000.0,47300.0,,2044.16
46,19.4,555000.0,49550.0,,2040.24
47,18.25,502500.0,43750.0,,2065.95
48,18.67,517500.0,45575.0,,2053.4
49,18.25,502500.0,43500.0,,2081.19
50,18.13,492500.0,43075.0,,2074.28
51,17.35,457500.0,39250.0,,2099.5
52,17.38,447500.0,39300.0,,2089.27
53,17.1,432500.0,38150.0,,2108.1
54,16.79,422500.0,36750.0,,2104.42
55,16.7,412500.0,36350.0,,2091.5
56,17.47,447500.0,39550.0,,2061.05
57,17.32,440000.0,39075.0,,2056.15
58,17.11,430000.0,38100.0,,2061.02
59,16.58,405000.0,35775.0,,2086.24
60,17.01,425000.0,37625.0,,2067.89
61,17.0,425000.0,37500.0,,2059.69
62,16.66,407500.0,36025.0,,2066.96
63,16.26,392500.0,34525.0,,2080.62
64,16.27,387500.0,34300.0,,2076.33
65,15.95,375000.0,32975.0,,2081.9
66,15.4,350000.0,30800.0,,2091.18
67,14.72,318750.0,28050.0,,2102.06
68,15.1,335000.0,29475.0,,2092.43
69,14.95,327500.0,28875.0,,2095.84
70,14.62,312500.0,27600.0,,2106.63
71,14.32,300000.0,26450.0,,2104.99
72,14.79,318750.0,28225.0,,2081.18
73,14.31,297500.0,26375.0,,2100.4
74,14.31,297500.0,26375.0,,2097.29
75,14.16,295000.0,25800.0,,2107.96
76,14.03,290000.0,25300.0,,2112.93
77,13.88,282500.0,24825.0,,2117.69
78,14.31,300000.0,26300.0,,2108.92
79,13.78,280000.0,24375.0,,2114.76
80,14.16,295000.0,25650.0,,2106.85
81,14.54,305000.0,27050.0,,2085.51
82,13.82,282500.0,24425.0,,2108.29
83,13.86,282500.0,24525.0,,2114.49
84,14.31,295000.0,26125.0,,2089.46
85,14.57,307500.0,26975.0,,2080.15
86,14.44,300000.0,26625.0,,2088.0
87,13.7,272500.0,23800.0,,2116.1
88,14.07,285000.0,25125.0,,2105.33
89,14.01,282500.0,24925.0,,2099.12
90,13.76,275000.0,24125.0,,2098.48
91,13.47,262500.0,23112.5,,2121.1
92,13.35,260000.0,22672.5,,2122.73
93,12.92,242350.0,21175.0,,2129.2
94,12.73,232750.0,20575.0,,2127.83
95,12.76,232500.0,20645.0,,2125.85
96,12.39,220000.0,19495.0,,2130.82
97,12.42,219650.0,19560.0,,2126.06
98,12.92,234500.0,21090.0,,2104.2
99,12.43,217500.0,19545.0,,2123.48
100,12.58,222500.0,19985.0,,2120.79
101,12.65,222750.0,20260.0,,2107.39
102,12.54,220000.0,19850.0,,2111.73
103,12.725,225500.0,20494.0,,2109.6
104,12.51,220000.0,19780.0,,2114.07
105,12.93,234825.0,21097.5,,2095.84
106,12.7,226500.0,20365.0,,2092.83
107,12.97,232500.0,21215.0,,2079.28
108,12.81,228475.0,20745.0,,2080.15
109,12.28,210375.0,18940.0,,2105.2
110,12.01,202425.0,18125.0,,2108.86
111,12.16,206600.0,18575.0,,2094.11
112,12.69,222225.0,20155.0,,2084.43
113,12.43,214175.0,19400.0,,2096.29
114,12.39,212500.0,19305.0,,2100.44
115,12.05,200000.0,18185.0,,2121.24
116,12.18,203750.0,18475.0,,2109.99
117,11.61,187525.0,16780.0,,2122.85
118,11.3,175000.0,15905.0,,2124.2
119,11.54,181000.0,16500.0,,2108.58
120,11.62,184250.0,16745.0,,2102.31
121,11.55,182000.0,16570.0,,2101.49
122,13.52,243500.0,22250.0,,2057.64
123,13.42,240000.0,21980.0,,2063.11
124,12.49,207250.0,18915.0,,2077.42
125,13.29,232500.0,21295.0,,2076.78
126,13.63,244500.0,22350.0,,2068.76
127,12.91,219750.0,20115.0,,2081.34
128,14.21,262750.0,24025.0,,2046.68
129,14.3,267750.0,24495.0,,2051.31
130,13.21,225250.0,20655.0,,2076.62
131,11.94,181500.0,16595.0,,2099.6
132,11.82,178250.0,16255.0,,2108.95
133,11.79,177000.0,16165.0,,2107.4
134,11.02,154500.0,14045.0,,2124.29
135,10.93,151250.0,13760.0,,2126.64
136,10.89,150000.0,13730.0,,2128.28
137,10.79,147250.0,13455.0,,2119.21
138,10.73,145750.0,13355.0,,2114.15
139,10.87,149250.0,13675.0,,2102.15
140,11.24,159000.0,14555.0,,2079.65
141,11.83,175750.0,16075.0,,2067.64
142,10.93,150250.0,13730.0,,2093.25
143,10.76,145500.0,13240.0,,2108.57
144,10.69,143000.0,13075.0,,2108.63
145,10.68,142500.0,13020.0,,2103.84
146,10.52,138500.0,12625.0,,2098.04
147,10.56,138500.0,12725.0,,2093.32
148,10.45,137000.0,12535.0,,2099.84
149,10.85,147250.0,13465.0,,2083.56
150,10.75,143750.0,13205.0,,2077.57
151,10.35,133250.0,12215.0,,2104.18
152,10.83,144750.0,13315.0,,2084.07
153,10.8,145250.0,13310.0,,2086.05
154,10.68,141500.0,12965.0,,2083.39
155,10.66,141500.0,12910.0,,2091.54
156,10.53,137500.0,12635.0,,2102.44
157,10.645,141000.0,12905.0,,2096.92
158,10.85,146500.0,13400.0,,2079.61
159,11.8,171250.0,15680.0,,2035.73
160,13.76,229250.0,21110.0,,1970.89
161,16.22,314000.0,28650.0,,1893.21
162,17.68,365250.0,33140.0,,1867.61
163,16.05,298500.0,27280.0,,1940.51
164,16.43,310500.0,28580.0,,1987.66
165,17.24,345000.0,31525.0,,1988.87
166,17.89,369500.0,33775.0,,1972.18
167,20.43,484750.0,43770.0,,1913.85
168,18.31,376750.0,34700.0,,1948.86
169,18.19,373250.0,34170.0,,1951.13
170,19.52,424500.0,39210.0,,1921.22
171,17.84,350750.0,32250.0,,1969.41
172,18.2,366750.0,33640.0,,1942.04
173,17.76,347500.0,31955.0,,1952.29
174,17.35,331500.0,30390.0,,1961.05
175,17.39,332250.0,30400.0,,1953.03
176,15.64,266500.0,24470.0,,1978.09
177,14.77,234500.0,21490.0,,1995.31
178,14.63,232000.0,21125.0,,1990.2
179,16.42,289250.0,26455.0,,1958.03
180,15.33,251697.5,23070.0,,1966.97
181,16.22,277750.0,25500.0,,1942.74
182,15.87,264250.0,24375.0,,1938.76
183,16.3,279500.0,25585.0,,1932.24
184,16.72,293750.0,26980.0,,1931.34
185,17.89,334000.0,30750.0,,1881.77
186,17.91,336250.0,30800.0,,1884.09
187,17.08,304500.0,27980.0,,1920.03
188,16.88,298750.0,27390.0,,1923.82
189,16.02,268000.0,24500.0,,1951.36
190,15.12,237000.0,21765.0,,1987.05
191,15.27,241750.0,22235.0,,1979.92
192,14.9,230500.0,21110.0,,1995.83
193,14.18,209000.0,19100.0,,2013.43
194,14.17,209500.0,19055.0,,2014.89
195,13.29,185750.0,16760.0,,2017.46
196,14.01,201500.0,18345.0,,2003.69
197,14.27,209500.0,19105.0,,1994.24
198,13.25,181500.0,16415.0,,2023.86
199,13.12,177250.0,15960.0,,2033.11
200,12.18,153750.0,13790.0,,2033.66
201,12.64,162500.0,14715.0,,2030.77
202,13.52,184500.0,16750.0,,2018.94
203,12.29,153000.0,13685.0,,2052.51
204,12.39,154500.0,13870.0,,2075.15
205,12.81,163000.0,14755.0,,2071.18
206,12.56,156750.0,14145.0,,2065.89
207,12.18,148000.0,13340.0,,2090.35
208,12.33,152000.0,13685.0,,2089.41
209,12.53,155750.0,14105.0,,2079.36
210,11.88,141250.0,12655.0,,2104.05
211,12.13,147000.0,13250.0,,2109.79
212,12.54,155500.0,14040.0,,2102.31
213,12.26,149000.0,13455.0,,2099.93
214,12.0,143000.0,12885.0,,2099.2
215,12.66,157000.0,14200.0,,2078.58
216,12.28,148500.0,13400.0,,2081.72
217,12.55,154250.0,13975.0,,2075.0
218,13.66,181750.0,16490.0,,2045.97
219,14.6,205750.0,18705.0,,2023.04
220,13.13,165500.0,14960.0,,2053.19
221,13.85,181750.0,16540.0,,2050.44
222,12.93,160000.0,14460.0,,2083.58
223,13.39,170250.0,15450.0,,2081.24
224,12.92,159000.0,14445.5,,2089.17
225,12.59,150500.0,13670.0,,2086.59
226,12.645,152500.0,13790.0,,2089.14
227,12.46,148000.0,13375.0,,2088.87
228,12.58,151250.0,13590.0,,2090.11
229,12.49,149000.0,13435.0,,2080.41
230,11.97,138000.0,12320.0,,2102.63
231,12.42,147250.0,13230.0,,2079.51
232,13.33,166750.0,15100.0,,2049.62
233,12.09,138500.0,12385.0,,2091.69
234,12.4,144250.0,12990.0,,2077.07
235,12.77,152250.0,13773.5,,2063.59
236,13.31,164250.0,14905.0,,2047.62
237,13.47,168250.0,15285.0,,2052.23
238,15.49,218250.0,19905.0,,2012.37
239,14.37,185500.0,16945.0,,2021.94
240,13.78,171000.0,15580.0,,2043.41
241,12.84,148250.0,13465.0,,2073.07
242,13.4,160500.0,14605.0,,2041.89
243,14.49,186250.0,16975.0,,2005.55
244,13.79,168250.0,15380.0,,2021.15
245,13.09,152750.0,13825.0,,2038.97
246,12.79,146250.0,13150.0,,2064.29
247,13.01,150750.0,13610.0,,2060.99
248,12.87,146500.0,13285.0,,2056.5
249,12.66,144000.0,12855.0,,2078.36
250,13.03,151000.0,13590.0,,2063.36
251,13.33,156500.0,14175.5,,2043.94
252,14.2,176250.0,15981.0,,2012.66
253,13.71,165250.0,15065.0,,2016.71
254,14.16,175000.0,15965.0,,1990.26
255,15.68,213250.0,19420.0,,1943.09
256,16.49,235000.0,21407.5,,1922.03
257,15.97,219500.0,19950.0,,1923.67
258,15.19,198750.0,18085.0,,1938.68
259,16.76,238500.0,21730.0,,1890.28
260,16.13,219750.0,20030.0,,1921.84
261,17.74,264500.0,24075.0,,1880.33
262,17.73,264500.0,24179.0,,1881.33
263,18.2,277250.0,25320.0,,1859.33
264,18.12,275500.0,25170.0,,1868.99
265,16.6,229000.0,20928.5,,1906.9
266,17.39,251750.0,22970.0,,1877.08
267,16.58,227750.0,20785.0,,1903.63
268,17.27,246250.0,22510.0,,1882.95
269,16.71,230000.0,21005.0,,1893.36
270,15.99,211250.0,19235.0,,1940.24
271,15.79,206000.0,18770.0,,1939.38
272,16.84,233000.0,21215.0,,1903.03
273,16.65,227500.0,20779.6,,1912.53
274,16.81,232000.0,21150.0,,1915.45
275,17.48,250750.0,22800.0,,1880.05
276,18.32,274250.0,25030.0,,1853.44
277,18.48,279500.0,25425.0,,1852.21
278,18.61,283500.0,25890.0,,1851.86
279,19.76,318500.0,29020.0,,1829.08
280,18.94,291750.0,26630.4,,1864.78
281,18.06,265500.0,24180.0,,1895.58
282,17.33,244250.0,22300.0,,1926.82
283,17.29,243250.0,22135.0,,1917.83
284,16.84,230750.0,20975.0,,1917.78
285,15.89,204500.0,18615.0,,1945.5
286,16.7,225250.0,20475.0,,1921.27
287,16.58,222250.0,20200.0,,1929.8
288,15.99,207750.0,18810.0,,1951.7
289,16.24,212750.0,19305.0,,1948.05
290,16.46,219250.0,19869.6,,1932.23
291,15.05,184000.0,16475.0,,1978.35
292,14.77,175750.0,15845.0,,1986.45
293,14.3,165250.0,14790.0,,1993.4
294,14.46,169000.0,15125.0,,1999.99
295,14.5,169500.0,15190.0,,2001.76
296,15.05,181250.0,16335.0,,1979.26
297,14.85,176750.0,15920.0,,1989.26
298,14.56,171250.0,15330.0,,1989.57
299,13.85,156250.0,13810.0,,2022.19
300,13.61,151500.0,13350.0,,2019.64
301,13.81,154500.0,13695.0,,2015.93
302,13.32,145000.0,12715.0,,2027.22
303,12.9,137000.0,11945.0,,2040.59
304,12.8,136250.0,11750.0,,2049.58
305,12.44,124500.0,11075.0,,2051.6
306,12.26,120250.0,10780.0,,2049.8
307,12.86,131000.0,11790.0,,2036.71
308,12.79,130250.0,11665.0,,2035.94
309,12.61,127000.0,11365.0,,2037.05
310,11.87,115000.0,10055.0,,2055.01
311,11.59,108750.0,9555.0,,2063.95
312,11.68,109750.0,9665.0,,2059.74
313,11.32,104750.0,9110.0,,2072.78
314,11.64,109000.0,9585.0,,2066.13
315,12.29,120000.0,10684.6,,2045.17
316,11.48,106500.0,9340.0,,2066.66
317,12.54,124000.0,11035.0,,2041.91
318,12.23,117750.0,10460.0,,2047.6
319,12.4,121500.0,10785.0,,2041.99
320,11.98,113750.0,10040.0,,2061.72
321,11.4,104000.0,9030.0,,2082.42
322,11.35,103250.0,8965.0,,2082.78
323,11.2,99750.0,8720.4,,2080.73
324,10.5,87500.0,7615.0,,2094.34
325,10.6,88750.0,7795.0,,2100.8
326,10.66,89500.0,7880.0,,2102.4
327,10.86,93000.0,8175.0,,2091.48
328,10.58,88500.0,7755.0,,2091.58
329,10.7,90250.0,7945.0,,2087.79
330,10.48,86750.0,7620.0,,2091.7
331,10.17,80750.0,7140.0,,2095.15
332,10.76,90500.0,7985.0,,2075.81
333,11.1,95750.0,8510.0,,2065.3
334,10.45,85000.0,7525.0,,2081.43
335,10.92,91750.0,8180.0,,2063.37
336,11.06,94250.0,8395.0,,2051.12
337,11.06,93750.0,8380.0,,2050.63
338,10.56,86250.0,7635.0,,2057.14
339,10.33,82000.0,7270.0,,2058.69
340,9.82,74250.0,6565.0,,2084.39
341,10.16,78750.0,6990.0,,2064.46
342,10.02,76500.0,6815.0,,2064.11
343,10.38,81750.0,7315.0,,2046.61
344,9.9,74750.0,6649.6,,2066.66
345,10.34,80750.0,7244.5,,2047.21
346,10.31,80250.0,7190.0,,2047.63
347,10.36,80750.0,7260.0,,2040.04
348,9.99,75500.0,6750.4,,2052.32
349,9.93,75750.0,6680.0,,2048.04
350,9.51,69000.0,6100.0,,2076.06
351,9.34,66500.0,5870.0,,2090.54
352,9.24,64750.0,5745.0,,2090.1
353,8.99,61000.0,5425.4,,2099.06
354,8.98,60500.0,5425.0,,2096.96
355,8.88,59750.0,5335.0,,2099.33
356,8.66,57000.0,5050.0,,2105.26
357,8.61,56000.0,4995.0,,2099.13
358,8.51,54500.0,4870.0,,2109.41
359,8.52,54750.0,4894.6,,2112.13
360,8.58,55500.0,4925.0,,2119.12
361,8.73,57500.0,5115.0,,2115.48
362,9.52,67500.0,6045.4,,2096.07
363,10.94,87000.0,7850.0,,2079.06
364,10.7,82500.0,7505.0,,2075.32
365,10.58,81250.0,7365.0,,2071.5
366,10.31,77250.0,6970.0,,2077.99
367,10.31,77500.0,6960.0,,2071.22
368,9.58,66750.0,5974.6,,2083.25
369,9.64,67500.0,6035.0,,2088.9
370,9.98,72000.0,6459.6,,2085.45
371,8.98,58750.0,5200.0,,2113.32
372,11.14,82750.0,7495.0,,2037.41
373,11.13,81000.0,7360.0,,2000.54
374,10.0,64000.0,5715.0,,2036.09
375,9.47,57000.0,5045.0,,2070.77
376,9.16,54500.0,4715.0,,2098.86
377,8.89,51250.0,4425.0,,2102.95
378,9.05,51750.0,4579.6,,2088.55
379,8.83,48750.0,4345.0,,2099.73
380,8.67,47250.0,4160.0,,2097.9
381,8.1,41500.0,3660.0,,2129.9
382,8.11,41250.0,3665.0,,2137.16
383,7.92,39750.0,3500.0,,2152.14
384,7.81,38000.0,3390.0,,2152.43
385,7.78,37750.0,3370.0,,2163.75
386,7.76,38000.0,3345.0,,2161.74
387,7.62,36000.0,3220.0,,2166.89
388,7.6,35500.0,3204.6,,2163.78
389,7.39,33750.0,3040.0,,2173.02
390,7.61,35750.0,3205.0,,2165.17
391,7.42,34000.0,3050.0,,2175.03
392,36.85,33250.0,3020.0,,2168.48
393,36.52,33250.0,2963.0,,2169.18
394,35.69,31250.0,2825.0,,2166.58
395,35.02,29750.0,2724.0,,2170.06
396,33.8,27750.0,2535.0,,2173.6
397,33.22,27250.0,2443.0,,2170.84
398,34.56,29000.0,2631.0,,2157.03
399,33.69,27750.0,2504.0,,2163.79
400,32.71,26250.0,2367.0,,2164.25
401,31.63,24250.0,2203.08,,2182.87
402,30.91,23122.5,2104.0,,2180.89
403,30.41,22290.0,2035.0,,2181.74
404,31.14,23330.0,2132.0,,2175.49
405,30.99,23100.0,2110.0,,2185.79
406,30.66,22680.0,2070.0,,2184.05
407,30.18,21920.0,2004.0,,2190.15
408,31.21,23460.0,2145.0,,2178.15
409,30.43,22230.0,2031.0,,2182.22
410,29.88,21490.0,1961.0,,2187.02
411,30.01,21660.0,1975.0,,2183.87
412,30.12,21830.0,1991.0,,2182.64
413,30.04,21730.0,1981.0,,2186.9
414,30.69,22640.0,2067.0,,2175.44
415,30.75,22690.0,2067.0,,2172.47
416,30.84,22820.0,2083.0,,2169.04
417,30.18,21880.0,1999.0,,2180.38
418,29.97,21560.0,1965.0,,2176.12
419,30.1,21770.0,1985.0,,2170.95
420,29.95,21570.0,1963.0,,2170.86
421,28.88,20040.0,1827.0,,2179.98
422,28.16,18950.0,1730.0,,2186.48
423,27.75,18470.0,1680.0,,2186.16
424,27.84,18620.0,1693.0,,2181.3
425,32.36,24570.0,2242.0,,2127.81
426,30.14,21170.0,1940.0,,2159.04
427,34.22,26930.0,2463.0,,2127.02
428,34.01,26800.0,2450.0,,2125.77
429,32.72,24730.0,2263.0,,2147.26
430,32.31,24090.0,2208.0,,2139.16
431,31.51,22830.0,2093.0,,2139.12
432,31.26,22510.0,2059.0,,2139.76
433,28.81,18990.0,1740.0,,2163.12
434,27.89,17780.0,1620.0,,2177.18
435,28.09,18050.0,1649.0,,2164.69
436,29.64,19990.0,1828.0,,2146.1
437,28.05,17940.0,1638.0,,2159.93
438,27.75,17490.0,1603.0,,2171.37
439,29.48,19640.0,1800.0,,2151.13
440,28.33,18150.0,1665.0,,2168.27
441,28.15,17980.0,1645.0,,2161.2
442,28.09,17890.0,1639.0,,2150.49
443,27.87,17600.0,1614.0,,2159.73
444,27.61,17330.0,1583.0,,2160.77
445,27.67,17350.0,1589.0,,2153.74
446,27.04,16560.0,1519.0,,2163.66
447,28.53,18350.0,1682.0,,2136.73
448,28.58,18440.0,1691.0,,2139.18
449,29.48,19560.0,1797.0,,2132.55
450,29.15,19150.0,1758.0,,2132.98
451,29.03,18970.0,1741.0,,2126.5
452,27.86,17450.0,1602.0,,2139.6
453,27.19,16680.0,1526.0,,2144.29
454,26.85,16240.0,1485.0,,2141.34
455,26.27,15580.0,1423.0,,2141.16
456,25.37,14460.0,1323.0,,2151.33
457,25.59,14710.0,1345.0,,2143.16
458,26.23,15410.0,1413.0,,2139.43
459,26.72,15960.0,1464.0,,2133.04
460,27.84,17290.0,1588.0,,2126.41
461,28.42,18030.0,1659.0,,2126.15
462,29.25,19080.0,1757.0,,2111.72
463,29.91,19940.0,1832.0,,2097.94
464,31.56,22170.0,2038.0,,2088.66
465,31.59,22200.0,2039.0,,2085.18
466,27.62,16520.0,1530.0,,2131.52
467,26.79,15500.0,1427.0,,2139.56
468,26.16,14700.0,1355.0,,2163.26
469,26.79,15340.0,1418.0,,2167.48
470,26.18,14760.0,1354.0,,2164.45
471,26.07,14620.0,1342.0,,2164.2
472,24.96,13350.0,1230.0,,2180.39
473,25.08,13500.0,1239.0,,2176.94
474,24.33,12710.0,1161.0,,2187.12
475,24.2,12570.0,1152.0,,2181.9
476,23.12,11430.0,1050.0,,2198.18
477,23.28,11640.0,1066.0,,2202.94
478,23.3,11650.0,1069.0,,2204.72
479,23.19,11530.0,1057.0,,2213.35
480,23.37,11730.0,1075.0,,2201.72
481,23.21,11580.0,1059.0,,2204.66
482,23.24,11510.0,1060.0,,2198.81
483,24.14,12430.0,1143.0,,2191.08
484,24.15,12450.0,1144.0,,2191.95
485,22.55,10830.0,993.0,,2204.71
486,21.77,10070.0,921.0,,2212.23
487,21.85,10120.0,927.0,,2241.35
488,21.88,10150.0,931.0,,2246.19
489,21.67,9960.0,914.0,,2259.53
490,21.81,10120.0,925.0,,2256.96
491,22.02,10280.0,943.0,,2271.72
492,21.94,10200.0,937.0,,2253.28
493,21.64,9920.0,908.0,,2262.03
494,21.34,9660.0,885.0,,2258.07
495,20.6,8990.0,823.0,,2262.53
496,20.23,8650.0,791.0,,2270.76
497,19.9,8370.0,767.0,,2265.18
498,20.2,8650.0,789.0,,2260.96
499,20.14,8550.0,783.0,,2263.79
500,19.82,8300.0,763.0,,2268.88
501,20.51,8880.0,816.0,,2249.92
502,20.86,9150.0,838.0,,2249.26
503,21.26,9520.0,875.0,,2238.83
504,19.74,8170.0,750.0,,2257.83
505,18.74,7320.0,673.0,,2270.75
506,18.66,7270.0,668.0,,2269.0
507,18.43,7080.0,651.0,,2276.98
508,18.37,7050.0,648.0,,2268.9
509,18.25,6920.0,638.0,,2268.9
510,17.86,6650.0,612.0,,2275.32
511,17.87,6650.0,610.4,,2270.44
512,17.9,6670.0,612.6,,2274.64
513,17.82,6640.0,608.0,,2267.89
514,17.75,6570.0,603.8,,2271.89
515,17.95,6720.0,616.2,,2263.69
516,17.25,6210.0,568.0,,2271.31
517,17.1,6100.0,559.0,,2265.2
518,16.3,5520.0,506.8,,2280.07
519,15.9,5260.0,482.0,,2298.37
520,16.01,5320.0,488.2,,2296.68
521,15.83,5210.0,476.6,,2294.69
522,16.27,5490.0,504.0,,2280.9
523,16.18,5440.0,498.4,,2278.87
524,15.91,5240.0,482.8,,2279.55
525,16.04,5330.0,489.4,,2280.85
526,15.69,5100.0,470.6,,2297.42
527,15.72,5110.0,469.4,,2292.56
528,15.82,5170.0,476.4,,2293.08
529,15.75,5130.0,472.4,,2294.67
530,15.43,4920.0,453.0,,2307.87
531,15.16,4760.0,438.2,,2316.1
532,14.69,4450.0,410.6,,2328.25
533,14.06,4070.0,375.0,,2337.58
534,14.54,4320.0,396.2,,2349.25
535,14.61,4360.0,402.2,,2347.22
536,14.65,4400.0,405.0,,2351.16
537,14.79,4500.0,413.8,,2365.38
538,14.88,4540.0,417.4,,2362.82
539,15.26,4780.0,439.4,,2363.81
540,15.08,4670.0,428.8,,2367.34
541,15.0,4600.0,424.0,,2369.75
542,15.36,4850.0,446.0,,2363.64
543,15.05,4640.0,426.8,,2395.96
544,15.07,4660.0,428.6,,2381.92
545,14.61,4400.0,402.6,,2383.12
546,14.35,4230.0,388.0,,2375.31
547,14.35,4220.0,388.0,,2368.39
548,14.46,4280.0,393.2,,2362.98
549,14.38,4240.0,389.8,,2364.87
550,14.18,4130.0,378.0,,2372.6
551,13.9,3950.0,363.0,,2373.47
552,14.15,4090.0,376.4,,2365.45
553,13.6,3780.0,348.4,,2385.26
554,13.34,3628.0,334.0,,2381.38
555,13.19,3535.0,326.4,,2378.25
556,13.1889,3541.0,327.0,,2373.47
557,13.69,3807.0,351.2,,2344.02
558,13.76,3849.0,354.6,,2348.45
559,14.23,4110.0,379.4,,2345.96
560,13.97,3956.0,364.4,,2343.98
561,13.69,3794.0,350.2,,2341.59
562,12.94,3390.0,312.6,,2358.57
563,12.89,3362.0,309.8,,2361.13
564,12.94,3384.0,312.8,,2368.06
565,13.17,3508.0,323.4,,2362.72
566,13.23,3539.0,326.4,,2358.84
567,13.07,3448.0,318.6,,2360.16
568,13.49,3674.0,338.8,,2352.95
569,13.25,3540.0,326.0,,2357.49
570,13.72,3792.0,350.0,,2355.54
571,14.21,4068.0,375.0,,2357.16
572,14.86,4435.0,409.0,,2353.78
573,14.92,4480.0,413.2,,2344.93
574,15.22,4649.0,429.2,,2328.95
575,14.46,4184.0,385.2,,2349.01
576,14.34,4100.0,379.2,,2342.19
577,14.66,4310.0,397.0,,2338.17
578,14.31,4088.0,376.6,,2355.84
579,14.35,4121.0,379.8,,2348.69
580,12.83,3242.0,298.6,,2374.15
581,12.52,3088.0,284.4,,2388.61
582,12.62,3147.0,289.8,,2387.45
583,12.5,3086.0,284.0,,2388.77
584,12.51,3091.0,283.6,,2384.2
585,12.03,2847.0,262.0,,2388.33
586,12.05,2860.0,263.4,,2391.17
587,12.29,2976.0,273.8,,2388.13
588,12.0,2827.0,260.4,,2389.52
589,12.05,2859.0,263.0,,2399.29
590,11.75,2713.0,249.8,,2399.38
591,11.71,2700.0,248.6,,2396.92
592,11.76,2718.0,250.2,,2399.63
593,11.74,2705.0,248.8,,2394.44
594,11.72,2699.0,248.2,,2390.9
595,11.46,2585.0,237.2,,2402.32
596,11.36,2529.0,232.6,,2400.67
597,13.41,3437.0,317.0,,2357.03
598,13.09,3292.0,302.6,,2365.72
599,12.16,2817.0,259.0,,2381.73
600,11.62,2560.0,234.8,,2394.02
601,11.6,2549.0,234.0,,2398.42
602,11.31,2421.0,222.2,,2404.39
603,11.4,2465.0,226.6,,2415.07
604,11.22,2382.0,219.0,,2415.82
605,11.15,2353.0,215.8,,2412.91
606,11.24,2386.0,219.8,,2411.8
607,10.98,2277.0,209.4,,2430.06
608,10.99,2285.0,210.2,,2439.07
609,11.05,2306.0,211.6,,2436.1
610,11.3,2409.0,221.6,,2429.33
611,11.17,2356.0,217.0,,2433.14
612,10.93,2253.0,207.0,,2433.79
613,11.08,2307.0,212.8,,2431.77
614,11.2,2366.0,218.0,,2429.39
615,10.82,2208.0,202.8,,2440.35
616,10.77,2185.0,201.0,,2437.92
617,10.91,2236.0,206.2,,2432.46
618,10.79,2195.0,202.2,,2433.15
619,10.46,2060.0,189.4,,2453.46
620,10.75,2172.0,200.2,,2437.03
621,10.65,2134.0,196.0,,2435.61
622,10.55,2094.0,192.6,,2434.5
623,10.44,2051.0,188.4,,2438.3
624,10.22,1963.0,180.6,,2439.07
625,10.55,2084.0,192.6,,2419.38
626,10.25,1971.0,181.2,,2440.69
627,10.78,2162.0,199.8,,2419.7
628,10.63,2112.0,194.8,,2423.41
629,10.77,2168.0,200.0,,2429.01
630,10.75,2162.0,199.2,,2432.54
631,11.28,2378.0,219.0,,2409.75
632,10.91,2217.0,204.2,,2425.18
633,10.63,2109.0,194.4,,2427.43
634,10.6,2095.0,192.8,,2425.53
635,10.31,1982.0,181.8,,2443.25
636,10.2,1937.0,178.0,,2447.83
637,10.0,1867.0,171.2,,2459.27
638,38.93,1776.0,162.3,,2459.14
639,38.46,1733.0,158.3,,2460.61
640,38.01,1690.0,154.5,,2473.83
641,37.66,1660.0,152.1,,2473.45
642,37.31,1631.0,148.95,,2472.54
643,36.65,1569.0,143.5,,2469.91
644,36.8,1587.0,145.2,,2477.13
645,36.86,1593.0,145.55,,2477.83
646,37.16,1616.0,147.8,,2475.42
647,37.54,1650.0,150.95,,2472.1
648,37.28,1627.0,148.9,,2470.3
649,36.8,1582.0,144.8,,2476.35
650,37.0,1600.0,146.4,,2477.57
651,37.47,1644.0,150.1,,2472.16
652,37.31,1626.0,148.95,,2476.83
653,36.85,1589.0,145.2,,2480.91
654,37.9,1673.0,153.55,,2474.92
655,38.89,1755.0,161.5,,2474.02
656,44.19,2225.0,204.65,,2438.21
657,45.5,2344.0,215.45,,2441.32
658,39.57,1729.0,158.45,,2465.84
659,39.29,1705.0,156.15,,2464.61
660,39.06,1687.0,154.35,,2468.11
661,45.53,2228.0,205.75,,2430.01
662,44.19,2125.0,194.85,,2425.55
663,42.44,1954.0,179.35,,2428.37
664,39.32,1679.0,153.1,,2452.51
665,39.66,1699.0,155.45,,2444.04
666,40.76,1790.0,163.7,,2438.97
667,39.63,1690.0,154.4,,2443.05
668,39.28,1666.0,152.0,,2444.24
669,39.75,1701.0,155.95,,2446.3
670,39.54,1684.0,154.05,,2457.59
671,38.46,1597.0,145.7,,2471.65
672,38.35,1591.0,144.7,,2476.55
673,40.44,1752.0,160.5,,2457.85
674,39.5,1676.0,153.25,,2465.54
675,39.3,1670.0,152.05,,2465.1
676,40.26,1728.0,159.15,,2461.43
677,38.02,1558.0,141.05,,2488.11
678,37.0,1481.0,134.0,,2496.48
679,35.71,1371.0,124.45,,2498.37
680,36.19,1404.0,128.0,,2495.62
681,35.57,1360.0,123.45,,2500.23
682,34.0,1240.0,112.55,,2503.87
683,34.0,1239.0,112.9,,2506.65
684,34.03,1245.0,113.05,,2508.24
685,34.03,1244.0,112.9,,2500.6
686,34.22,1254.0,114.35,,2502.22
687,34.29,1260.0,114.25,,2496.66
688,33.87,1230.0,111.8,,2496.84
689,33.68,1209.0,110.2,,2507.04
690,33.17,1177.0,107.25,,2510.06
691,32.53,1133.0,103.0,,2519.36
692,31.84,1084.0,98.9,,2529.12
693,31.77,1076.0,98.05,,2534.58
694,31.83,1084.0,98.75,,2537.74
695,30.75,1009.0,92.05,,2552.07
696,30.82,1012.0,92.1,,2549.33
697,31.4,1050.0,95.9,,2544.73
698,30.73,1006.0,91.7,,2550.64
699,30.09,964.0,87.75,,2555.24
700,29.91,951.0,86.8,,2550.93
701,29.38,915.0,83.6,,2553.17
702,28.85,883.0,80.7,,2557.64
703,28.94,886.0,81.1,,2559.36
704,28.78,878.0,80.35,,2561.26
705,28.58,867.0,79.15,,2562.1
706,28.05,832.0,76.3,,2575.21
707,28.95,886.0,81.2,,2564.98
708,29.25,907.0,82.8,,2569.13
709,30.22,964.0,88.25,,2557.15
710,30.08,958.0,87.75,,2560.4
711,28.43,853.0,78.1,,2581.07
712,28.68,867.0,79.25,,2572.83
713,28.16,837.0,76.6,,2575.26
714,28.31,846.0,77.25,,2579.36
715,28.0,826.0,75.65,,2579.85
716,27.94,825.0,75.2,,2587.84
717,27.67,808.0,73.8,,2591.13
718,27.84,818.0,74.6,,2590.64
719,27.85,820.0,74.85,,2594.38
720,28.27,838.0,76.8,,2584.62
721,28.9,877.0,80.3,,2582.3
722,28.99,884.0,81.1,,2584.84
723,29.22,897.0,82.05,,2578.87
724,30.29,962.0,88.3,,2564.62
725,29.06,884.0,81.1,,2585.64
726,28.6,859.0,78.6,,2578.85
727,27.7,805.0,73.55,,2582.14
728,26.62,743.0,67.95,,2599.03
729,26.39,726.0,66.55,,2597.08
730,26.27,720.0,66.1,,2602.42
731,26.21,720.0,65.85,,2601.42
732,25.86,702.0,64.0,,2627.04
733,26.45,731.0,66.85,,2626.07
734,26.53,734.0,67.25,,2647.58
735,27.26,777.0,70.95,,2642.22
736,27.04,763.0,69.85,,2639.44
737,26.92,757.0,69.25,,2629.57
738,26.91,755.0,69.0,,2629.27
739,26.01,708.0,64.65,,2636.98
740,25.19,662.0,60.3,,2651.5
741,24.32,617.0,56.3,,2659.99
742,24.38,619.0,56.5,,2664.11
743,24.29,613.0,56.25,,2662.85
744,24.18,609.0,55.6,,2652.01
745,23.36,567.0,51.85,,2675.81
746,23.04,552.0,50.4,,2690.16
747,23.14,556.0,50.9,,2681.47
748,23.07,553.0,50.55,,2679.25
749,22.89,545.0,49.85,,2684.57
750,23.03,548.0,50.3,,2683.34
751,23.03,550.0,50.25,,2680.5
752,23.16,554.0,50.8,,2682.62
753,22.78,538.0,49.25,,2687.54
754,23.15,554.0,51.05,,2673.61
755,22.33,517.0,47.25,,2695.81
756,21.89,495.0,45.25,,2713.06
757,21.82,492.0,45.0,,2723.99
758,21.83,493.0,44.95,,2743.15
759,21.55,478.0,43.85,,2747.71
760,21.77,490.0,44.8,,2751.29
761,21.56,479.0,43.9,,2748.23
762,21.43,473.0,43.35,,2767.56
763,21.44,474.0,43.35,,2786.24
764,22.76,534.0,48.75,,2776.42
765,22.23,509.0,46.7,,2802.56
766,22.34,515.0,47.15,27.26,2798.03
767,22.26,511.0,46.7,26.9,2810.3
768,21.79,488.0,44.6,26.5302,2832.97
769,22.14,505.0,46.25,26.95,2839.13
770,22.72,531.0,48.5,27.66,2837.54
771,23.1,549.0,50.3,27.66,2839.25
772,22.93,543.0,49.6,27.66,2872.87
773,24.6,620.0,56.65,29.58,2853.53
774,25.38,658.0,60.15,30.55,2822.43
775,24.8,630.0,57.75,30.65,2823.81
776,24.04,589.0,54.0,29.1074,2821.98
777,27.31,750.0,68.8,32.85,2762.13
778,36.66,1260.0,114.35,43.86,2648.94
779,35.47,746.0,76.1,43.1155,2695.14
780,36.87,909.0,93.25,44.54,2681.66
781,45.77,1350.0,139.55,55.18,2581.0
782,41.41,1130.0,116.7,50.28,2619.55
783,39.68,1041.0,106.55,48.55,2656.0
784,39.72,1038.0,106.8,47.97,2662.94
785,35.08,812.0,82.5,42.48,2698.63
786,34.4,778.0,78.75,41.5,2731.2
787,34.88,795.0,80.95,42.12,2732.22
788,36.39,863.0,87.6,43.84,2716.26
789,36.87,882.0,90.3,44.5,2701.33
790,36.24,862.0,87.4,43.92,2703.96
791,33.49,736.0,74.1,40.49,2747.3
792,32.1,682.0,67.95,39.28,2779.6
793,35.12,795.0,80.8,42.41,2744.28
794,36.69,866.0,85.6,44.16,2713.83
795,39.18,991.0,94.2,47.2,2677.67
796,37.62,905.0,88.75,45.12,2691.25
797,35.87,823.0,82.7,43.46,2720.94
798,36.14,836.0,83.6,43.69,2728.12
799,35.73,819.0,82.3,43.04,2726.8
800,34.4,766.0,77.7,42.59,2738.97
801,31.67,660.0,68.35,38.25,2786.57
802,32.99,700.0,72.65,39.76,2783.02
803,33.7,725.0,74.85,40.71,2765.31
804,34.37,753.0,77.25,41.6,2749.48
805,33.31,710.0,73.7,40.44,2747.33
806,32.77,688.0,71.8,39.3,2752.01
807,35.82,809.0,82.0,43.37,2712.92
808,35.07,776.0,79.35,42.54,2716.94
809,34.67,762.0,77.95,40.99,2711.93
810,39.19,952.0,93.4,47.2,2643.69
811,41.4,1057.0,101.2,50.0,2588.26
812,38.19,909.0,89.85,46.3,2658.55
813,41.25,1046.0,100.5,49.78,2612.62
814,42.15,1092.0,103.35,50.095,2605.0
815,39.15,942.0,92.65,49.0,2640.87
816,42.87,1120.0,105.9,51.84,2581.88
817,40.98,1033.0,99.25,49.62,2614.45
818,40.31,996.0,96.65,48.68,2644.69
819,38.81,930.0,91.5,47.37,2662.84
820,41.24,1034.0,99.6,49.8,2604.47
821,41.25,1039.0,100.0,49.8,2613.16
822,40.21,990.0,96.1,49.8,2656.87
823,40.53,1007.0,97.3,49.8,2642.19
824,38.87,932.0,91.3,48.09,2663.99
825,37.44,867.0,86.3,45.98,2656.3
826,35.56,785.0,79.75,43.65,2677.84
827,33.43,692.0,72.55,40.3001,2706.39
828,33.55,696.0,72.95,40.56,2708.64
829,34.06,714.0,74.6,40.97,2693.13
830,35.06,746.0,77.9,42.11,2670.14
831,34.67,731.0,76.6,41.6,2670.29
832,36.49,802.0,82.35,41.59,2634.56
833,36.77,815.0,83.55,44.55,2639.4
834,34.97,743.0,77.45,42.4596,2666.94
835,34.29,719.0,75.1,41.4248,2669.91
836,34.33,718.0,75.4,41.02,2648.05
837,33.83,699.0,73.75,42.3601,2654.8
838,33.61,688.0,72.85,39.76,2635.67
839,34.27,710.0,75.05,43.0,2629.73
840,33.2,676.0,71.55,40.3,2663.42
841,32.99,669.0,70.95,39.75,2672.63
842,32.89,660.0,70.6,39.75,2671.92
843,31.52,611.0,66.3,38.79,2697.79
844,30.11,556.0,61.65,36.71,2723.07
845,29.62,541.0,60.15,35.83,2727.72
846,28.64,504.0,57.2,34.78,2730.13
847,30.67,567.0,63.25,37.3,2711.45
848,29.57,528.0,59.8,36.0652,2722.46
849,28.81,507.0,57.7,35.17,2720.13
850,29.19,514.0,58.75,35.42,2712.97
851,28.27,486.0,55.95,34.0,2733.01
852,28.61,495.0,56.85,34.2423,2724.44
853,28.09,478.0,55.3,33.98,2733.29
854,27.93,473.0,54.85,34.18,2727.76
855,28.29,482.0,55.9,33.82,2721.33
856,31.71,589.0,66.05,38.42,2689.86
857,30.16,538.0,61.25,36.56,2724.01
858,30.56,549.0,62.55,36.94,2705.27
859,29.28,505.0,58.55,35.13,2734.62
860,28.05,471.0,54.95,35.13,2746.87
861,27.74,462.0,54.0,34.02,2748.8
862,26.68,424.0,50.85,32.44,2772.35
863,27.07,432.0,51.95,32.82,2770.37
864,26.89,424.2,51.45,32.4298,2779.03
865,26.52,412.3,50.25,32.0797,2782.0
866,26.4,408.1,50.15,31.98,2786.85
867,26.75,417.3,51.05,32.14,2775.63
868,25.9,391.0,48.75,31.2716,2782.49
869,26.12,398.5,49.25,31.62,2779.66
870,25.79,389.4,48.3,31.2485,2773.75
871,27.04,423.9,51.7,32.8385,2762.59
872,26.44,406.4,50.05,32.09,2767.32
873,28.18,458.1,54.9,34.21,2749.76
874,27.42,432.7,52.7,33.32,2754.88
875,31.42,560.4,64.2,38.1,2717.07
876,30.13,515.8,60.5,36.54,2723.06
877,31.85,570.0,65.75,38.5,2699.63
878,31.37,558.9,64.2,39.2,2716.31
879,30.52,527.7,61.7,36.92,2718.37
880,30.67,531.2,61.85,37.74,2726.71
881,30.91,539.9,62.6,37.74,2713.22
882,29.77,503.2,59.3,36.16,2736.61
883,28.28,452.8,54.95,34.3648,2759.82
884,26.76,406.1,50.35,32.48,2784.17
885,26.26,391.6,49.1,31.79,2793.84
886,27.14,414.6,51.45,32.84,2774.02
887,26.19,389.0,48.85,32.0,2798.29
888,25.92,380.1,48.05,31.7286,2801.31
889,25.75,375.8,47.55,31.24,2798.43
890,25.45,367.5,46.65,30.72,2809.55
891,25.23,360.6,45.95,30.56,2815.62
892,25.72,373.7,47.35,31.2,2804.49
893,25.81,376.2,47.65,31.267,2801.83
894,25.71,372.4,47.25,31.56,2806.98
895,25.2,360.2,46.1,30.74,2820.4
896,25.12,356.7,45.7,30.46,2846.07
897,25.19,359.8,45.95,30.54,2837.44
898,25.89,377.5,47.85,31.54,2818.82
899,26.62,397.0,49.9,32.13,2802.6
900,25.88,375.7,47.85,31.38,2816.29
901,25.65,369.4,47.05,31.0,2813.36
902,25.38,362.6,46.4,30.68,2827.22
903,24.99,353.6,45.3,30.1401,2840.35
904,24.01,328.8,42.8,29.2677,2850.4
905,23.55,313.0,41.45,28.56,2858.45
906,23.2,301.7,40.45,28.0315,2857.7
907,23.52,312.0,41.3,28.53,2853.58
908,24.67,338.9,44.3,29.96,2833.28
909,26.16,377.3,48.25,31.7,2821.93
910,24.81,340.2,44.6,30.1,2839.96
911,26.37,380.9,48.8,31.98,2818.37
912,24.95,342.2,44.9,30.23,2840.69
913,24.3,325.5,43.1,29.49,2850.13
914,23.83,313.9,41.85,28.88,2857.05
915,24.335,327.4,43.25,29.46,2862.96
916,24.04,318.6,42.45,28.95,2861.82
917,23.86,315.8,42.0,29.03,2856.98
918,23.74,311.8,41.6,28.86,2874.69
919,23.82,313.4,41.8,28.9,2896.74
920,23.79,313.0,41.8,28.9297,2897.52
921,23.79,312.6,41.75,28.65,2914.04
922,24.28,325.1,43.1,29.51,2901.13
923,23.94,314.6,42.05,29.69,2901.52
924,24.05,318.2,42.45,29.28,2896.72
925,24.26,323.0,42.9,29.46,2888.6
926,25.01,341.0,44.85,30.36,2878.05
927,25.43,352.2,46.05,30.81,2871.68
928,24.73,333.2,44.1,29.98,2877.13
929,23.96,314.6,42.05,29.1,2887.89
930,23.68,306.6,41.3,28.72,2888.92
931,22.99,289.9,39.45,27.94,2904.18
932,22.55,279.2,38.3,27.35,2904.98
933,23.17,293.1,39.95,28.2,2888.8
934,23.13,291.4,39.8,28.05,2904.31
935,22.3,272.6,37.63,27.08,2907.95
936,21.95,262.9,36.76,26.64,2930.75
937,21.97,264.1,36.84,26.5661,2929.67
938,21.97,263.5,36.82,26.67,2919.37
939,22.16,267.6,37.29,26.92,2915.56
940,22.38,273.3,37.9,27.0,2905.97
941,21.98,263.0,36.81,26.74,2914.0
942,21.94,263.2,36.8,26.7,2913.98
943,21.71,257.1,36.12,26.4,2924.59
944,21.75,257.2,36.23,26.4,2923.43
945,21.54,253.5,35.72,26.2,2925.51
946,22.87,281.7,39.04,27.8,2901.61
947,23.34,294.8,40.29,28.24,2885.57
948,23.59,299.5,40.85,28.64,2884.43
949,24.02,309.5,41.95,29.08,2880.34
950,27.94,411.1,52.31,33.95,2785.68
951,30.43,481.0,59.1,36.86,2728.37
952,28.01,409.7,52.22,34.07,2767.13
953,28.41,421.8,53.44,34.27,2750.79
954,26.44,362.6,47.87,32.08,2809.92
955,26.74,371.4,48.73,32.46,2809.21
956,28.53,419.5,53.49,34.85,2768.78
957,28.26,412.3,52.76,34.27,2767.78
958,28.44,418.2,53.38,34.58,2755.88
959,29.57,450.1,56.32,35.89,2740.69
960,32.2,528.6,63.98,38.66,2656.1
961,31.16,497.4,60.93,37.86,2705.57
962,33.08,556.3,66.55,39.99,2658.69
963,33.12,562.0,66.8,40.34,2641.25
964,31.99,524.0,63.32,38.81,2682.63
965,30.95,489.6,60.23,37.58,2711.74
966,29.96,458.1,57.47,36.37,2740.37
967,30.16,464.3,57.71,36.66,2723.06
968,29.84,454.4,57.15,36.31,2738.31
969,28.87,426.2,54.3,35.08,2755.45
970,26.83,365.8,48.47,32.65,2813.89
971,26.6,359.6,47.9,32.5,2806.83
972,27.42,380.2,49.99,33.2328,2781.01
973,29.65,441.5,56.1,36.06,2726.22
974,29.92,449.0,56.89,36.33,2722.18
975,30.66,472.2,59.01,37.27,2701.58
976,30.36,463.0,58.14,36.88,2730.2
977,28.95,420.2,54.12,35.19,2736.27
978,30.67,467.4,58.93,37.25,2690.73
979,32.45,521.8,63.84,39.33,2641.89
980,31.67,499.2,61.49,38.41,2649.93
981,31.88,505.0,62.28,38.74,2632.56
982,30.07,448.2,57.02,36.55,2673.45
983,29.49,431.3,55.38,35.9,2682.17
984,28.64,405.4,52.91,34.84,2743.79
985,29.2,422.4,54.55,35.47,2737.76
986,28.37,398.9,52.23,34.47,2760.17
987,26.82,355.4,47.8,32.6,2790.37
988,30.27,444.7,56.98,36.84,2700.06
989,30.9,462.7,58.87,37.79,2695.95
990,33.23,530.7,65.36,40.32,2633.08
991,33.07,525.1,65.16,39.93,2637.72
992,32.91,521.6,64.49,39.9372,2636.78
993,32.64,512.8,63.71,39.62,2651.07
994,32.1,496.4,62.24,39.01,2650.54
995,33.37,535.7,65.87,40.6,2599.95
996,35.08,591.0,71.07,42.59,2545.94
997,35.26,598.0,71.71,42.79,2546.16
998,35.12,590.6,70.81,42.64,2506.96
999,36.91,652.6,76.72,44.81,2467.42
1000,38.83,720.8,82.59,47.07,2416.62
1001,40.68,787.2,88.08,49.43,2351.1
1002,38.54,703.6,81.49,46.81,2467.7
1003,40.12,765.6,86.53,48.79,2488.83
1004,40.15,768.0,86.64,48.71,2485.74
1005,38.61,709.1,81.73,46.99,2506.85
1006,37.46,667.2,77.92,45.74,2510.03
1007,39.22,728.1,83.3,47.64,2447.89
1008,36.07,613.5,73.54,43.86,2531.94
1009,35.31,586.2,70.95,42.88,2549.69
1010,34.57,562.5,68.8,42.01,2574.41
1011,33.77,538.3,66.52,41.02,2584.96
1012,33.42,527.7,65.42,40.59,2596.64
1013,32.33,494.4,62.05,39.27,2596.26
1014,32.46,497.4,62.36,39.38,2582.61
1015,31.0,454.4,58.26,37.67,2610.3
1016,31.56,471.4,59.84,38.43,2616.1
1017,31.24,460.8,58.97,38.0,2635.96
1018,30.45,437.2,56.85,37.06,2670.71
1019,33.24,515.2,64.5,40.32,2632.9
1020,32.92,504.1,63.5,40.1,2638.7
1021,31.86,473.4,60.46,38.68,2642.33
1022,30.6366,438.8,56.97,37.23,2664.76
1023,31.95,473.4,60.61,38.77,2643.85
1024,31.83,470.9,60.14,38.66,2640.0
1025,30.41,432.7,56.28,36.96,2681.05
1026,29.15,398.6,52.89,35.43,2704.1
1027,28.86,391.8,52.03,35.09,2706.53
1028,27.95,368.7,49.54,34.0,2724.87
1029,27.75,364.0,49.01,33.71,2737.7
1030,27.55,357.8,48.45,33.53,2731.61
1031,28.51,380.7,50.93,34.65,2706.05
1032,28.17,372.1,50.0,34.23,2707.88
1033,27.85,365.1,49.27,33.86,2709.8
1034,27.35,348.7,47.94,33.25,2744.73
1035,27.26,346.7,47.69,33.17,2753.03
1036,27.75,356.4,48.86,33.77,2745.73
1037,26.81,335.8,46.49,32.59,2775.6
1038,26.87,336.2,46.53,32.69,2779.76
1039,25.83,310.5,43.92,31.38,2784.7
1040,26.09,315.3,44.62,31.79,2774.88
1041,25.13,293.4,42.13,30.59,2792.67
1042,25.6,302.5,43.24,31.14,2796.11
1043,25.83,306.1,43.8,31.4,2793.9
1044,25.87,307.8,43.9,31.43,2792.38
1045,25.82,306.3,43.74,31.41,2784.49
1046,24.67,282.2,40.88,29.98,2803.69
1047,25.27,293.7,42.38,30.71,2792.81
1048,25.43,296.0,42.67,30.89,2789.65
1049,26.08,312.0,44.47,31.8,2771.45
1050,27.16,335.6,47.09,33.01,2748.93
1051,27.32,339.9,47.54,33.23,2743.07
1052,25.34,293.2,42.4,30.81,2783.3
1053,24.6,279.0,40.58,29.94,2791.52
1054,24.35,272.6,39.97,29.62,2810.92
1055,23.97,264.9,39.0,29.13,2808.48
1056,23.5,256.0,37.79,28.59,2822.48
1057,23.56,256.2,37.98,28.66,2832.94
1058,23.75,261.2,38.44,28.85,2832.57
1059,23.97,263.6,38.96,29.16,2824.23
1060,23.61,256.8,38.14,28.78,2854.88
1061,26.35,309.8,44.79,32.08,2800.71
1062,26.4,310.2,44.87,32.24,2798.36
1063,24.99,281.9,41.3,30.42,2818.46
1064,25.37,287.5,42.18,30.88,2805.37
1065,24.82,277.6,40.84,30.19,2815.44
1066,24.02,261.5,38.9,29.26,2834.4
1067,23.62,253.4,37.85,28.74,2867.19
1068,23.55,251.5,37.72,28.66,2867.24
1069,23.72,255.1,38.11,28.86,2873.4
1070,23.52,251.3,37.63,28.57,2879.39
1071,23.01,242.3,36.43,28.0,2892.74
1072,22.91,240.0,36.17,27.87,2895.77
1073,23.72,253.9,38.07,28.86,2878.2
1074,23.08,240.5,36.54,28.05,2888.21
1075,22.59,231.5,35.4,27.5,2888.32
1076,21.55,210.4,32.97,26.26,2907.41
1077,21.3,204.5,32.33,25.92,2905.58
1078,21.16,200.7,31.98,25.71,2907.06
1079,21.28,202.0,32.27,25.89,2900.45
1080,20.93,197.2,31.56,25.48,2905.03
1081,20.76,193.2,31.08,25.25,2907.97
1082,20.58,189.3,30.75,25.05,2933.68
1083,21.07,196.7,31.8,25.7,2927.25
1084,21.5,204.1,32.7,26.2,2926.17
1085,20.8,192.2,31.08,25.29,2939.88
1086,21.09,197.5,31.82,25.68,2943.03
1087,21.12,197.2,31.79,25.68,2945.83
1088,21.9,211.3,33.59,26.65,2923.73
1089,21.93,212.1,33.71,26.69,2917.52
1090,20.89,192.9,31.34,25.42,2945.64
1091,22.01,211.8,33.88,26.86,2932.47
1092,25.7,281.3,42.32,31.33,2884.05
1093,25.2,271.4,41.29,30.71,2879.42
1094,25.17,271.7,41.13,30.55,2870.72
1095,23.22,231.6,36.44,28.19,2881.4
1096,26.61,296.1,44.25,32.45,2811.87
1097,25.18,265.0,40.8,30.65,2834.41
1098,24.14,243.8,38.26,29.36,2850.96
1099,23.12,224.2,35.93,28.1,2876.32
1100,23.44,229.9,36.54,28.52,2859.53
1101,23.79,235.5,37.37,28.94,2840.23
1102,22.61,214.3,34.61,27.48,2864.36
1103,22.36,209.4,33.99,27.22,2856.27
1104,23.84,235.4,37.35,29.02,2822.24
1105,23.36,225.4,36.24,28.42,2826.06
1106,24.05,238.1,37.82,29.27,2802.39
1107,24.53,246.8,38.81,29.84,2783.02
1108,24.02,238.9,37.81,29.31,2788.86
1109,25.07,257.5,40.14,30.42,2752.06
1110,25.23,260.5,40.56,30.73,2744.45
1111,23.87,234.7,37.38,29.02,2803.27
1112,23.36,225.3,36.13,28.46,2826.15
1113,22.9,216.6,35.09,27.85,2843.49
1114,23.09,220.1,35.43,28.06,2873.34
1115,22.86,216.3,34.98,27.86,2886.73
1116,22.94,217.6,35.06,27.91,2885.72
1117,22.8,215.6,34.83,27.78,2879.84
1118,22.7,213.2,34.56,27.61,2891.64
1119,22.48,209.5,34.08,27.32,2886.98
1120,22.22,204.5,33.5,27.03,2889.67
1121,22.05,201.4,33.11,26.82,2917.75
1122,21.29,188.7,31.36,25.93,2926.46
1123,21.39,189.8,31.63,26.01,2954.18
1124,21.9,197.6,32.65,26.62,2950.46
1125,21.68,194.2,32.13,26.38,2945.35
1126,22.27,203.0,33.47,27.05,2917.38
1127,22.06,199.5,32.99,26.84,2913.78
1128,21.69,193.9,32.19,26.42,2924.92
1129,21.4,188.6,31.49,26.0,2941.76
1130,20.17,169.1,28.91,24.56,2964.33
1131,19.42,156.5,27.3,23.65,2973.01
1132,19.32,154.9,27.0,23.51,2995.82
1133,19.39,155.8,27.15,23.58,2990.41
1134,19.91,163.2,28.33,24.23,2975.95
1135,19.99,163.4,28.42,24.3,2979.63
1136,19.37,154.3,27.11,23.56,2993.07
1137,19.04,150.0,26.45,23.17,2999.91
1138,18.7,145.3,25.76,22.8,3013.77
1139,18.69,143.9,25.67,22.71,3014.3
1140,18.75,144.5,25.82,22.78,3004.04
1141,19.18,150.3,26.66,23.36,2984.42
1142,19.01,147.5,26.36,23.115,2995.11
1143,19.22,150.0,26.75,23.38,2976.61
1144,18.82,145.1,26.0,22.91,2985.03
1145,18.18,134.3,24.59,22.1,3005.47
1146,17.7,128.2,23.63,21.54,3019.56
1147,18.26,135.3,24.64,22.2,3003.67
1148,17.8,129.3,23.78,21.64,3025.86
1149,17.92,131.5,24.03,21.83,3020.97
1150,18.37,137.0,24.93,22.34,3013.18
1151,19.4,151.3,26.99,23.59,2980.38
1152,20.9,173.1,30.12,25.45,2953.56
1153,21.05,176.5,30.6,25.66,2932.05
1154,24.15,225.7,37.01,29.3,2844.74
1155,22.62,196.5,33.5,27.48,2881.77
1156,22.72,198.6,33.83,27.62,2883.98
1157,21.35,176.2,30.8,25.98,2938.09
1158,22.15,188.1,32.47,26.93,2918.65
1159,23.76,214.4,35.99,28.89,2883.75
1160,21.98,183.4,31.99,26.76,2926.32
1161,25.06,231.9,38.58,30.465,2840.6
1162,24.44,221.6,37.23,29.67,2847.6
1163,23.08,197.9,34.14,28.03,2888.68
1164,21.35,169.2,30.38,25.98,2923.65
1165,21.86,177.1,31.5,26.6,2900.51
1166,20.82,160.7,29.1,25.3,2924.43
1167,21.15,165.5,29.77,25.75,2922.95
1168,23.78,204.0,35.32,28.96,2847.11
1169,23.15,194.9,34.0,28.1,2878.38
1170,23.57,201.9,34.87,28.67,2869.16
1171,23.03,194.0,33.76,28.02,2887.94
1172,22.1,178.1,31.67,26.85,2924.58
1173,22.12,179.2,31.75,27.0,2926.46
1174,23.23,194.8,34.05,28.19,2906.27
1175,21.76,172.1,30.88,26.45,2937.78
1176,20.91,159.0,29.15,25.47,2976.0
1177,20.34,150.3,27.81,24.72,2978.71
1178,20.12,147.8,27.43,24.48,2978.43
1179,20.1,147.3,27.3,24.4,2979.39
1180,19.71,142.0,26.61,24.02,3000.93
1181,19.24,135.0,25.65,23.45,3009.57
1182,18.95,132.0,25.11,23.08,3007.39
1183,19.25,135.2,25.65,23.42,2997.96
1184,19.17,133.9,25.46,23.31,3005.7
1185,18.53,125.7,24.21,22.56,3006.73
1186,18.21,121.4,23.61,22.15,3006.79
1187,19.09,131.0,25.34,23.29,2992.07
1188,18.97,130.3,25.04,23.09,2991.78
1189,19.85,141.4,26.78,24.16,2966.6
1190,19.42,134.7,25.83,23.61,2984.87
1191,19.55,136.6,26.16,23.81,2977.62
1192,20.09,143.1,27.21,24.46,2961.79
1193,19.52,136.0,26.04,23.74,2976.74
1194,20.37,146.2,27.62,24.79,2940.25
1195,21.75,165.1,30.58,26.45,2887.61
1196,20.94,153.5,28.81,25.44,2910.63
1197,19.79,137.7,26.45,24.09,2952.01
1198,20.0,140.8,26.85,24.27,2938.79
1199,21.59,160.8,30.07,26.24,2893.06
1200,20.79,150.4,28.42,25.36,2919.4
1201,20.12,141.2,27.06,24.43,2938.13
1202,18.97,125.3,24.61,23.02,2970.27
1203,18.32,118.9,23.44,22.27,2966.15
1204,17.81,110.8,22.48,21.69,2995.68
1205,17.58,109.1,22.06,21.42,2989.69
1206,17.5,107.7,21.86,21.29,2997.95
1207,17.47,106.9,21.78,21.24,2986.2
1208,17.0,101.2,20.92,20.68,3006.72
1209,17.26,103.7,21.4,21.01,2995.99
1210,17.05,101.5,21.04,20.75,3004.52
1211,16.82,98.7,20.55,20.46,3010.29
1212,16.25,92.8,19.57,19.79,3022.55
1213,16.43,94.1,19.85,19.98,3039.42
1214,16.42,94.4,19.83,19.96,3036.89
1215,16.0,89.9,19.12,19.47,3046.77
1216,16.26,92.2,19.5,19.75,3037.56
1217,15.52,84.3,18.2,18.87,3066.91
1218,15.56,84.4,18.27,18.9,3078.27
1219,15.87,87.5,18.78,19.29,3074.62
1220,15.8,87.2,18.68,19.22,3076.78
1221,15.65,85.3,18.44,19.04,3085.18
1222,15.32,81.9,17.85,18.64,3093.08
1223,15.28,81.4,17.78,18.57,3087.01
1224,15.1,79.6,17.47,18.35,3091.84
1225,15.2,80.2,17.6,18.48,3094.04
1226,14.97,78.3,17.24,18.18,3096.63
1227,14.32,71.2,16.12,17.4,3120.46
1228,14.3,70.8,16.08,17.38,3122.03
1229,14.45,72.4,16.32,17.57,3120.18
1230,14.59,73.9,16.54,17.75,3108.46
1231,14.62,74.1,16.64,17.79,3103.54
1232,14.2,69.6,15.87,17.28,3110.29
1233,13.57,63.3,14.85,16.53,3133.64
1234,13.39,61.2,14.54,16.29,3140.52
1235,13.33,60.4,14.42,16.21,3153.63
1236,13.55,62.5,14.84,16.54,3140.98
1237,14.31,68.7,15.87,17.4,3113.87
1238,15.13,77.24,17.43,18.41,3093.2
1239,14.43,70.19,16.24,17.56,3112.76
1240,14.25,68.28,15.91,17.33,3117.43
1241,13.77,63.65,15.12,16.73,3145.91
1242,14.47,70.15,16.24,17.6,3135.96
1243,14.48,70.13,16.27,17.63,3132.52
1244,14.19,67.32,15.73,17.22,3141.63
1245,13.38,59.99,14.45,16.2,3168.57
1246,12.78,54.76,13.47,15.53,3168.8
1247,12.49,52.14,13.02,15.2,3191.45
1248,12.39,51.16,12.86,15.09,3192.52
1249,12.53,52.2,13.09,15.24,3191.14
1250,12.22,49.86,12.58,14.86,3205.37
1251,12.35,50.61,12.8,15.04,3221.22
1252,12.41,51.13,12.88,15.09,3224.01
1253,12.28,50.3,12.68,14.94,3223.38
1254,12.25,50.04,12.64,14.92,3239.91
1255,12.52,52.17,13.03,15.23,3240.02
1256,12.97,55.85,13.74,15.76,3221.29
1257,12.43,51.32,12.89,15.12,3230.78
1258,11.95,47.33,12.13,14.51,3257.85
1259,12.55,51.88,13.01,15.29,3234.85
1260,12.4,50.75,12.82,15.08,3246.28
1261,12.35,50.3,12.73,15.01,3237.18
1262,12.11,48.25,12.37,14.8,3253.05
1263,11.676,44.96,11.68,14.18,3274.7
1264,11.61,44.5,11.59,14.12,3265.35
1265,11.3,42.16,11.13,13.76,3288.13
1266,11.24,41.52,11.03,13.66,3283.15
1267,11.19,41.24,10.97,13.62,3289.29
1268,10.93,39.3,10.58,13.29,3316.81
1269,10.96,39.36,10.62,13.32,3329.62
1270,11.03,40.04,10.74,13.43,3320.79
1271,11.1,40.4,10.83,13.54,3321.75
1272,11.07,40.2,10.78,13.49,3325.54
1273,11.71,44.75,11.72,14.24,3295.47
1274,12.92,53.9,13.55,15.71,3316.81
1275,12.19,48.0,12.38,14.83,3276.24
1276,12.2,47.8,12.4,14.85,3273.4
1277,12.01,46.57,12.1,14.6,3283.66
1278,13.37,56.58,14.15,16.2,3225.52
1279,12.87,52.74,13.4,15.58,3248.92
1280,12.17,47.14,12.31,14.83,3297.59
1281,11.69,43.36,11.59,14.2,3334.69
1282,11.58,42.5,11.39,14.09,3345.78
1283,11.73,43.65,11.62,14.38,3327.71
1284,11.6,42.78,11.43,14.1,3352.09
1285,11.62,42.6,11.42,14.12,3357.75
1286,11.06,38.56,10.59,13.4,3379.45
1287,11.25,40.0,10.9,13.69,3373.94
1288,11.1,39.14,10.69,13.52,3380.16
1289,11.29,40.35,10.95,13.76,3370.29
1290,11.15,39.25,10.72,13.56,3386.15
1291,11.51,41.73,11.27,14.04,3373.23
1292,12.26,46.8,12.34,14.9,3337.75
1293,14.51,64.14,15.76,17.67,3225.89
1294,15.91,76.43,17.94,19.34,3128.21
1295,15.54,73.07,17.42,18.93,3116.39
1296,18.06,97.05,21.71,22.0,2978.76
1297,18.84,104.5,22.92,22.81,2954.22
1298,18.06,96.9,21.69,22.03,3090.23
1299,20.11,119.32,25.49,24.45,3003.37
1300,19.02,105.85,23.25,23.0,3130.12
1301,22.04,139.39,28.71,26.68,3023.94
1302,24.33,169.9,33.45,29.82,2972.37
