,unit,currencyCD,exchangeCD,ticker,dataDate,barTime,closePrice,highPrice,lowPrice,openPrice,shortNM,totalValue,totalVolume,vwap,ret,label,dealPrice,predict,adj_vol,,,
1446,1,CNY,XSHE,2415,2019/12/3,9:30,30.91,30.91,30.91,30.91,海康威视,4727684.5,152950,30.91,-0.005469755,0,30.91,-1,10000,309100,0,0
1447,1,CNY,XSHE,2415,2019/12/3,9:31,30.74,30.88,30.74,30.88,海康威视,11287014.58,366098,30.83058247,-0.002569315,0,30.83058247,-1,10000,308305.8247,-0.079417533,0
1448,1,CNY,XSHE,2415,2019/12/3,9:32,30.75,30.77,30.7,30.73,海康威视,8777101.9,285727,30.71848968,-0.003635766,0,30.71848968,-1,10000,307184.8968,-0.11209279,0
1449,1,CNY,XSHE,2415,2019/12/3,9:33,30.86,30.86,30.75,30.77,海康威视,6050871,196600,30.77757375,0.001923404,1,30.77757375,-1,10000,307775.7375,0.059084077,2
1450,1,CNY,XSHE,2415,2019/12/3,9:34,30.72,30.86,30.72,30.86,海康威视,8830930,286900,30.78051586,9.56E-05,1,30.78051586,-1,10000,307805.1586,0.002942105,2
1451,1,CNY,XSHE,2415,2019/12/3,9:35,30.72,30.76,30.69,30.75,海康威视,12361665,402600,30.70458271,-0.002466922,0,30.70458271,-1,10000,307045.8271,-0.075933147,0
1452,1,CNY,XSHE,2415,2019/12/3,9:36,30.82,30.82,30.71,30.71,海康威视,8754749,284600,30.76159171,0.001856693,1,30.76159171,-1,10000,307615.9171,0.057008995,2
1453,1,CNY,XSHE,2415,2019/12/3,9:37,30.76,30.82,30.74,30.81,海康威视,8286937,269500,30.74930241,-0.000399501,0,30.74930241,-1,10000,307493.0241,-0.012289296,0
1454,1,CNY,XSHE,2415,2019/12/3,9:38,30.77,30.8,30.74,30.76,海康威视,4741452,154100,30.7686697,0.000629845,1,30.7686697,-1,10000,307686.697,0.019367283,2
1455,1,CNY,XSHE,2415,2019/12/3,9:39,30.69,30.77,30.68,30.77,海康威视,5333874,173700,30.70739206,-0.00199156,0,30.70739206,-1,10000,307073.9206,-0.06127764,0
1456,1,CNY,XSHE,2415,2019/12/3,9:40,30.59,30.68,30.58,30.68,海康威视,10841898,354100,30.6181813,-0.002905188,0,30.6181813,-1,10000,306181.813,-0.089210751,0
1457,1,CNY,XSHE,2415,2019/12/3,9:41,30.6,30.6,30.57,30.59,海康威视,16604208,542900,30.5842844,-0.001107084,0,30.5842844,-1,10000,305842.844,-0.033896906,0
1458,1,CNY,XSHE,2415,2019/12/3,9:42,30.69,30.7,30.6,30.6,海康威视,15623110.88,509452,30.6665022,0.002688237,1,30.6665022,-1,10000,306665.022,0.082217804,2
1459,1,CNY,XSHE,2415,2019/12/3,9:43,30.76,30.76,30.68,30.69,海康威视,6445727.12,209948,30.70154095,0.001142574,1,30.70154095,-1,10000,307015.4095,0.035038751,2
1460,1,CNY,XSHE,2415,2019/12/3,9:44,30.79,30.8,30.77,30.77,海康威视,5897699,191600,30.78131002,0.002598211,1,30.78131002,-1,10000,307813.1002,0.079769068,2
1461,1,CNY,XSHE,2415,2019/12/3,9:45,30.8,30.8,30.75,30.79,海康威视,5094453.31,165503,30.78163725,1.06E-05,1,30.78163725,-1,10000,307816.3725,0.00032723,2
1462,1,CNY,XSHE,2415,2019/12/3,9:46,30.88,30.91,30.79,30.79,海康威视,7682646,248900,30.86639614,0.002753554,1,30.86639614,-1,10000,308663.9614,0.084758892,2
1463,1,CNY,XSHE,2415,2019/12/3,9:47,30.83,30.89,30.81,30.87,海康威视,5500798.6,178300,30.85136624,-0.000486934,0,30.85136624,-1,10000,308513.6624,-0.015029906,0
1464,1,CNY,XSHE,2415,2019/12/3,9:48,30.87,30.87,30.84,30.84,海康威视,3985593,129200,30.84824303,-0.000101234,0,30.84824303,-1,10000,308482.4303,-0.003123203,0
1465,1,CNY,XSHE,2415,2019/12/3,9:49,30.84,30.87,30.79,30.87,海康威视,8413813.88,272900,30.83112451,-0.000554927,0,30.83112451,-1,10000,308311.2451,-0.01711852,0
1466,1,CNY,XSHE,2415,2019/12/3,9:50,30.8,30.84,30.78,30.84,海康威视,4636732,150500,30.8088505,-0.000722452,0,30.8088505,-1,10000,308088.505,-0.022274016,0
1467,1,CNY,XSHE,2415,2019/12/3,9:51,30.74,30.8,30.74,30.78,海康威视,2114423,68700,30.77762737,-0.001013447,0,30.77762737,-1,10000,307776.2737,-0.031223133,0
1468,1,CNY,XSHE,2415,2019/12/3,9:52,30.74,30.75,30.7,30.75,海康威视,4672289,152100,30.71853386,-0.001920015,0,30.71853386,-1,10000,307185.3386,-0.059093506,0
1469,1,CNY,XSHE,2415,2019/12/3,9:53,30.79,30.8,30.73,30.74,海康威视,2848854,92600,30.76516199,0.001517915,1,30.76516199,-1,10000,307651.6199,0.046628128,2
1470,1,CNY,XSHE,2415,2019/12/3,9:54,30.82,30.82,30.76,30.8,海康威视,4088392,132800,30.78608434,0.000680066,1,30.78608434,-1,10000,307860.8434,0.02092235,2
1471,1,CNY,XSHE,2415,2019/12/3,9:55,30.94,30.95,30.8,30.8,海康威视,8003899.84,258941,30.91012949,0.00402926,1,30.91012949,-1,10000,309101.2949,0.124045152,2
1472,1,CNY,XSHE,2415,2019/12/3,9:56,30.89,30.95,30.88,30.94,海康威视,7847933,253800,30.92172183,0.000375034,1,30.92172183,-1,10000,309217.2183,0.011592339,2
1473,1,CNY,XSHE,2415,2019/12/3,9:57,30.9,30.93,30.88,30.89,海康威视,5474060,177100,30.9094297,-0.000397524,0,30.9094297,-1,10000,309094.297,-0.012292127,0
1474,1,CNY,XSHE,2415,2019/12/3,9:58,30.98,30.98,30.89,30.89,海康威视,10155878,328100,30.95360561,0.001429205,1,30.95360561,-1,10000,309536.0561,0.044175907,2
1475,1,CNY,XSHE,2415,2019/12/3,9:59,30.96,30.99,30.94,30.98,海康威视,3752555,121200,30.96167492,0.00026069,1,30.96167492,-1,10000,309616.7492,0.008069309,2
1476,1,CNY,XSHE,2415,2019/12/3,10:00,30.97,30.99,30.96,30.97,海康威视,3335767.2,107695,30.97420679,0.000404754,1,30.97420679,0,7000,216819.4475,0.01253187,2
1477,1,CNY,XSHE,2415,2019/12/3,10:01,30.9,30.97,30.89,30.97,海康威视,4867769.39,157405,30.92512557,-0.001584584,0,30.92512557,2,13000,402026.6324,-0.04908122,0
1478,1,CNY,XSHE,2415,2019/12/3,10:02,30.86,30.9,30.86,30.9,海康威视,3831719,124100,30.87605963,-0.001586604,0,30.87605963,0,7000,216132.4174,-0.049065938,0
1479,1,CNY,XSHE,2415,2019/12/3,10:03,30.93,30.96,30.85,30.86,海康威视,3481473,112700,30.89150843,0.000500349,1,30.89150843,0,7000,216240.559,0.0154488,2
1480,1,CNY,XSHE,2415,2019/12/3,10:04,30.97,30.98,30.93,30.93,海康威视,2288196,73900,30.96341001,0.002327552,1,30.96341001,2,13000,402524.3302,0.071901584,2
1481,1,CNY,XSHE,2415,2019/12/3,10:05,30.9,30.97,30.9,30.97,海康威视,2115860,68400,30.93362573,-0.000961919,0,30.93362573,2,13000,402137.1345,-0.029784283,0
1482,1,CNY,XSHE,2415,2019/12/3,10:06,30.97,30.97,30.89,30.9,海康威视,6991560,226400,30.88144876,-0.001686739,0,30.88144876,2,13000,401458.8339,-0.052176968,0
1483,1,CNY,XSHE,2415,2019/12/3,10:07,30.95,30.97,30.9,30.9,海康威视,3679784,119000,30.92255462,0.001331086,1,30.92255462,2,13000,401993.2101,0.041105859,2
1484,1,CNY,XSHE,2415,2019/12/3,10:08,30.93,30.97,30.93,30.95,海康威视,1705394,55100,30.95088929,0.000916311,1,30.95088929,0,7000,216656.225,0.02833467,2
1485,1,CNY,XSHE,2415,2019/12/3,10:09,30.85,30.93,30.8,30.93,海康威视,3955731,128100,30.88002342,-0.002289623,0,30.88002342,2,13000,401440.3044,-0.070865873,0
1486,1,CNY,XSHE,2415,2019/12/3,10:10,30.85,30.87,30.83,30.87,海康威视,2113541,68500,30.85461314,-0.000822871,0,30.85461314,0,7000,215982.292,-0.025410281,0
1487,1,CNY,XSHE,2415,2019/12/3,10:11,30.84,30.88,30.83,30.86,海康威视,2745262,89000,30.84564045,-0.000290805,0,30.84564045,1,10000,308456.4045,-0.008972689,0
1488,1,CNY,XSHE,2415,2019/12/3,10:12,30.85,30.9,30.84,30.9,海康威视,4536846.06,147000,30.86289837,0.000559493,1,30.86289837,0,7000,216040.2886,0.017257918,2
1489,1,CNY,XSHE,2415,2019/12/3,10:13,30.87,30.89,30.85,30.88,海康威视,2660983,86200,30.86987239,0.000225968,1,30.86987239,0,7000,216089.1067,0.006974022,2
1490,1,CNY,XSHE,2415,2019/12/3,10:14,30.89,30.89,30.86,30.88,海康威视,2337351,75700,30.87649934,0.000214674,1,30.87649934,2,13000,401394.4914,0.00662695,2
1491,1,CNY,XSHE,2415,2019/12/3,10:15,30.89,30.89,30.87,30.88,海康威视,1945700,63000,30.88412698,0.000247037,1,30.88412698,2,13000,401493.6508,0.007627645,2
1492,1,CNY,XSHE,2415,2019/12/3,10:16,30.9,30.9,30.87,30.89,海康威视,3347669,108400,30.88255535,-5.09E-05,0,30.88255535,1,10000,308825.5535,-0.001571634,0
1493,1,CNY,XSHE,2415,2019/12/3,10:17,30.91,30.92,30.9,30.9,海康威视,1941154,62800,30.91009554,0.000891772,1,30.91009554,2,13000,401831.242,0.027540191,2
1494,1,CNY,XSHE,2415,2019/12/3,10:18,30.89,30.92,30.88,30.92,海康威视,3809946,123300,30.89980535,-0.000332907,0,30.89980535,2,13000,401697.4696,-0.010290189,0
1495,1,CNY,XSHE,2415,2019/12/3,10:19,30.88,30.93,30.88,30.9,海康威视,5018764,162500,30.88470154,-0.0004888,0,30.88470154,0,7000,216192.9108,-0.015103814,0
1496,1,CNY,XSHE,2415,2019/12/3,10:20,30.85,30.87,30.83,30.87,海康威视,3250514,105400,30.83979127,-0.001454127,0,30.83979127,0,7000,215878.5389,-0.044910267,0
1497,1,CNY,XSHE,2415,2019/12/3,10:21,30.89,30.91,30.86,30.86,海康威视,3121971,101100,30.88002967,0.001304756,1,30.88002967,0,7000,216160.2077,0.040238402,2
1498,1,CNY,XSHE,2415,2019/12/3,10:22,30.9,30.91,30.88,30.88,海康威视,2722079,88100,30.89760499,0.000569148,1,30.89760499,2,13000,401668.8649,0.017575321,2
1499,1,CNY,XSHE,2415,2019/12/3,10:23,30.88,30.9,30.81,30.9,海康威视,7073753.98,229400,30.83589355,-0.001997289,0,30.83589355,2,13000,400866.6161,-0.061711446,0
1500,1,CNY,XSHE,2415,2019/12/3,10:24,30.86,30.88,30.86,30.87,海康威视,2775406,89900,30.87214683,0.001175684,1,30.87214683,0,7000,216105.0278,0.036253281,2
1501,1,CNY,XSHE,2415,2019/12/3,10:25,30.86,30.88,30.86,30.87,海康威视,2713649,87900,30.87200228,-4.68E-06,0,30.87200228,0,7000,216104.0159,-0.000144554,0
1502,1,CNY,XSHE,2415,2019/12/3,10:26,30.86,30.88,30.82,30.88,海康威视,3023426,98000,30.85128571,-0.000671047,0,30.85128571,1,10000,308512.8571,-0.020716561,0
1503,1,CNY,XSHE,2415,2019/12/3,10:27,30.87,30.88,30.85,30.85,海康威视,4495031,145600,30.87246566,0.000686517,1,30.87246566,1,10000,308724.6566,0.021179945,2
1504,1,CNY,XSHE,2415,2019/12/3,10:28,30.87,30.88,30.86,30.88,海康威视,2028005,65700,30.86765601,-0.000155791,0,30.86765601,0,7000,216073.5921,-0.004809647,0
1505,1,CNY,XSHE,2415,2019/12/3,10:29,30.84,30.88,30.84,30.88,海康威视,2926267,94800,30.86779536,4.51E-06,1,30.86779536,1,10000,308677.9536,0.000139346,2
1506,1,CNY,XSHE,2415,2019/12/3,10:30,30.88,30.88,30.85,30.85,海康威视,2277857,73800,30.865271,-8.18E-05,0,30.865271,0,7000,216056.897,-0.002524356,0
1507,1,CNY,XSHE,2415,2019/12/3,10:31,30.88,30.89,30.87,30.89,海康威视,2078048,67300,30.87738484,0.000392475,1,30.87738484,2,13000,401406.003,0.012113841,2
1508,1,CNY,XSHE,2415,2019/12/3,10:32,30.85,30.88,30.85,30.87,海康威视,1524686,49400,30.86408907,-0.000430599,0,30.86408907,1,10000,308640.8907,-0.013295775,0
1509,1,CNY,XSHE,2415,2019/12/3,10:33,30.82,30.86,30.79,30.86,海康威视,4936415,160200,30.81407615,-0.001620424,0,30.81407615,2,13000,400582.99,-0.050012914,0
1510,1,CNY,XSHE,2415,2019/12/3,10:34,30.81,30.83,30.8,30.83,海康威视,1913206,62100,30.80847021,-0.000181928,0,30.80847021,0,7000,215659.2915,-0.005605945,0
1511,1,CNY,XSHE,2415,2019/12/3,10:35,30.87,30.87,30.8,30.8,海康威视,2444944,79300,30.83157629,0.000749991,1,30.83157629,0,7000,215821.034,0.023106083,2
1512,1,CNY,XSHE,2415,2019/12/3,10:36,30.87,30.88,30.85,30.85,海康威视,2562147,83000,30.86924096,0.001221627,1,30.86924096,2,13000,401300.1325,0.037664671,2
1513,1,CNY,XSHE,2415,2019/12/3,10:37,30.85,30.87,30.83,30.87,海康威视,1703080,55200,30.85289855,-0.000529408,0,30.85289855,1,10000,308528.9855,-0.016342413,0
1514,1,CNY,XSHE,2415,2019/12/3,10:38,30.83,30.86,30.81,30.85,海康威视,1853369,60100,30.83808652,-0.000480085,0,30.83808652,0,7000,215866.6057,-0.014812028,0
1515,1,CNY,XSHE,2415,2019/12/3,10:39,30.85,30.85,30.83,30.84,海康威视,1612901,52300,30.83940727,4.28E-05,1,30.83940727,0,7000,215875.8509,0.001320743,2
1516,1,CNY,XSHE,2415,2019/12/3,10:40,30.82,30.85,30.8,30.85,海康威视,2385656,77400,30.82242894,-0.00055054,0,30.82242894,2,13000,400691.5762,-0.016978325,0
1517,1,CNY,XSHE,2415,2019/12/3,10:41,30.8,30.83,30.8,30.82,海康威视,2150800,69800,30.81375358,-0.000281463,0,30.81375358,0,7000,215696.2751,-0.008675359,0
1518,1,CNY,XSHE,2415,2019/12/3,10:42,30.75,30.8,30.75,30.8,海康威视,6213011,201900,30.77271421,-0.001331852,0,30.77271421,0,7000,215408.9995,-0.041039367,0
1519,1,CNY,XSHE,2415,2019/12/3,10:43,30.76,30.78,30.71,30.75,海康威视,4449260,144700,30.74816862,-0.000797641,0,30.74816862,0,7000,215237.1804,-0.02454559,0
1520,1,CNY,XSHE,2415,2019/12/3,10:44,30.73,30.76,30.73,30.76,海康威视,2736909,89000,30.75178652,0.000117662,1,30.75178652,2,13000,399773.2247,0.003617892,2
1521,1,CNY,XSHE,2415,2019/12/3,10:45,30.71,30.73,30.7,30.72,海康威视,3982767.2,129676,30.71321756,-0.001254202,0,30.71321756,0,7000,214992.5229,-0.038568959,0
1522,1,CNY,XSHE,2415,2019/12/3,10:46,30.7,30.72,30.69,30.7,海康威视,4820777.28,157024,30.70089464,-0.000401225,0,30.70089464,0,7000,214906.2625,-0.012322917,0
1523,1,CNY,XSHE,2415,2019/12/3,10:47,30.71,30.72,30.68,30.69,海康威视,3754285,122300,30.6973426,-0.000115698,0,30.6973426,0,7000,214881.3982,-0.00355204,0
1524,1,CNY,XSHE,2415,2019/12/3,10:48,30.7,30.71,30.69,30.71,海康威视,2252942,73400,30.6940327,-0.000107824,0,30.6940327,2,13000,399022.4251,-0.003309903,0
1525,1,CNY,XSHE,2415,2019/12/3,10:49,30.71,30.72,30.69,30.69,海康威视,2508829,81700,30.7078213,0.000449227,1,30.7078213,0,7000,214954.7491,0.0137886,2
1526,1,CNY,XSHE,2415,2019/12/3,10:50,30.75,30.76,30.72,30.75,海康威视,3027236,98500,30.73336041,0.000831681,1,30.73336041,2,13000,399533.6853,0.025539109,2
1527,1,CNY,XSHE,2415,2019/12/3,10:51,30.74,30.76,30.73,30.75,海康威视,1964826,63900,30.7484507,0.000491007,1,30.7484507,2,13000,399729.8592,0.015090298,2
1528,1,CNY,XSHE,2415,2019/12/3,10:52,30.76,30.76,30.74,30.76,海康威视,2598714,84500,30.75401183,0.000180859,1,30.75401183,0,7000,215278.0828,0.00556113,2
1529,1,CNY,XSHE,2415,2019/12/3,10:53,30.75,30.8,30.75,30.77,海康威视,4230747,137500,30.76906909,0.000489603,1,30.76906909,2,13000,399997.8982,0.015057257,2
1530,1,CNY,XSHE,2415,2019/12/3,10:54,30.73,30.75,30.73,30.75,海康威视,2133645,69400,30.74416427,-0.000809411,0,30.74416427,0,7000,215209.1499,-0.024904826,0
1531,1,CNY,XSHE,2415,2019/12/3,10:55,30.73,30.74,30.72,30.73,海康威视,4064847.09,132300,30.7244678,-0.000640657,0,30.7244678,0,7000,215071.2746,-0.019696465,0
1532,1,CNY,XSHE,2415,2019/12/3,10:56,30.77,30.78,30.72,30.74,海康威视,2422934,78800,30.7478934,0.000762441,1,30.7478934,1,10000,307478.934,0.023425601,2
1533,1,CNY,XSHE,2415,2019/12/3,10:57,30.74,30.77,30.71,30.77,海康威视,3857661,125500,30.73833466,-0.000310875,0,30.73833466,2,13000,399598.3506,-0.00955874,0
1534,1,CNY,XSHE,2415,2019/12/3,10:58,30.73,30.75,30.73,30.74,海康威视,1770709,57600,30.74147569,0.000102186,1,30.74147569,0,7000,215190.3299,0.003141033,2
1535,1,CNY,XSHE,2415,2019/12/3,10:59,30.72,30.73,30.71,30.73,海康威视,2195278,71460,30.72037503,-0.000686391,0,30.72037503,0,7000,215042.6252,-0.021100659,0
1536,1,CNY,XSHE,2415,2019/12/3,11:00,30.69,30.72,30.69,30.7,海康威视,3613255.8,117700,30.69885981,-0.000700357,0,30.69885981,0,7000,214892.0187,-0.021515222,0
1537,1,CNY,XSHE,2415,2019/12/3,11:01,30.67,30.69,30.67,30.69,海康威视,2945426.07,96001,30.68120197,-0.000575196,0,30.68120197,0,7000,214768.4138,-0.017657846,0
1538,1,CNY,XSHE,2415,2019/12/3,11:02,30.67,30.69,30.6,30.68,海康威视,16914095.53,552109,30.63542802,-0.001491921,0,30.63542802,2,13000,398260.5643,-0.045773944,0
1539,1,CNY,XSHE,2415,2019/12/3,11:03,30.7,30.7,30.65,30.65,海康威视,3071775.4,100160,30.66868411,0.001085543,1,30.66868411,0,7000,214680.7887,0.033256083,2
1540,1,CNY,XSHE,2415,2019/12/3,11:04,30.65,30.7,30.65,30.7,海康威视,5891729.6,192100,30.67011765,4.67E-05,1,30.67011765,2,13000,398711.5294,0.001433542,2
1541,1,CNY,XSHE,2415,2019/12/3,11:05,30.66,30.67,30.65,30.65,海康威视,2547917,83100,30.66085439,-0.000302029,0,30.66085439,0,7000,214625.9807,-0.009263255,0
1542,1,CNY,XSHE,2415,2019/12/3,11:06,30.67,30.67,30.66,30.67,海康威视,2830693,92300,30.66839653,0.000245986,1,30.66839653,2,13000,398689.1549,0.007542141,2
1543,1,CNY,XSHE,2415,2019/12/3,11:07,30.67,30.69,30.65,30.68,海康威视,4113825.65,134121,30.67249461,0.000133626,1,30.67249461,2,13000,398742.43,0.00409808,2
1544,1,CNY,XSHE,2415,2019/12/3,11:08,30.67,30.68,30.65,30.66,海康威视,2772453.3,90402,30.6680527,-0.000144818,0,30.6680527,1,10000,306680.527,-0.004441915,0
1545,1,CNY,XSHE,2415,2019/12/3,11:09,30.66,30.67,30.66,30.67,海康威视,2370355,77300,30.66435964,-0.00012042,0,30.66435964,1,10000,306643.5964,-0.00369306,0
1546,1,CNY,XSHE,2415,2019/12/3,11:10,30.63,30.68,30.63,30.66,海康威视,4165262.35,135900,30.64946542,-0.000485718,0,30.64946542,0,7000,214546.2579,-0.014894222,0
1547,1,CNY,XSHE,2415,2019/12/3,11:11,30.66,30.68,30.62,30.65,海康威视,4071255,132900,30.63397291,-0.000505474,0,30.63397291,0,7000,214437.8104,-0.015492504,0
1548,1,CNY,XSHE,2415,2019/12/3,11:12,30.67,30.67,30.64,30.66,海康威视,3629732,118400,30.65652027,0.000736025,1,30.65652027,2,13000,398534.7635,0.022547358,2
1549,1,CNY,XSHE,2415,2019/12/3,11:13,30.68,30.7,30.66,30.67,海康威视,3365756,109700,30.68145852,0.000813473,1,30.68145852,2,13000,398858.9608,0.024938253,2
1550,1,CNY,XSHE,2415,2019/12/3,11:14,30.68,30.7,30.67,30.69,海康威视,3239029,105600,30.67262311,-0.000287973,0,30.67262311,2,13000,398744.1004,-0.008835417,0
1551,1,CNY,XSHE,2415,2019/12/3,11:15,30.69,30.69,30.66,30.66,海康威视,2133233.65,69521,30.68473771,0.000394965,1,30.68473771,0,7000,214793.1639,0.012114599,2
1552,1,CNY,XSHE,2415,2019/12/3,11:16,30.69,30.72,30.68,30.68,海康威视,1857181,60500,30.69720661,0.000406355,1,30.69720661,2,13000,399063.686,0.012468906,2
1553,1,CNY,XSHE,2415,2019/12/3,11:17,30.64,30.69,30.64,30.69,海康威视,2791464.79,91000,30.67543725,-0.000709164,0,30.67543725,1,10000,306754.3725,-0.021769359,0
1554,1,CNY,XSHE,2415,2019/12/3,11:18,30.66,30.67,30.65,30.65,海康威视,3031938,98900,30.65660263,-0.000613997,0,30.65660263,0,7000,214596.2184,-0.018834624,0
1555,1,CNY,XSHE,2415,2019/12/3,11:19,30.65,30.7,30.65,30.67,海康威视,5392859,175800,30.67610353,0.000636108,1,30.67610353,2,13000,398789.3458,0.019500898,2
1556,1,CNY,XSHE,2415,2019/12/3,11:20,30.7,30.71,30.63,30.71,海康威视,5598404.01,182581,30.66257721,-0.00044094,0,30.66257721,0,7000,214638.0405,-0.013526314,0
1557,1,CNY,XSHE,2415,2019/12/3,11:21,30.69,30.7,30.69,30.7,海康威视,3388498.04,110416,30.68846942,0.000844424,1,30.68846942,2,13000,398950.1025,0.025892212,2
1558,1,CNY,XSHE,2415,2019/12/3,11:22,30.66,30.7,30.66,30.7,海康威视,2174530.8,70884,30.67731505,-0.000363471,0,30.67731505,0,7000,214741.2053,-0.011154375,0
1559,1,CNY,XSHE,2415,2019/12/3,11:23,30.65,30.67,30.64,30.66,海康威视,2823456.83,92100,30.65642595,-0.00068093,0,30.65642595,0,7000,214594.9817,-0.0208891,0
1560,1,CNY,XSHE,2415,2019/12/3,11:24,30.67,30.67,30.64,30.66,海康威视,6129230.92,200003,30.64569491,-0.000350042,0,30.64569491,0,7000,214519.8644,-0.010731035,0
1561,1,CNY,XSHE,2415,2019/12/3,11:25,30.68,30.7,30.65,30.66,海康威视,3291008.8,107300,30.67109786,0.000828924,1,30.67109786,2,13000,398724.2721,0.025402942,2
1562,1,CNY,XSHE,2415,2019/12/3,11:26,30.66,30.74,30.66,30.68,海康威视,5544308,180600,30.69937984,0.000922106,1,30.69937984,0,7000,214895.6589,0.028281988,2
1563,1,CNY,XSHE,2415,2019/12/3,11:27,30.73,30.74,30.68,30.69,海康威视,4460473,145300,30.69836889,-3.29E-05,0,30.69836889,0,7000,214888.5822,-0.001010953,0
1564,1,CNY,XSHE,2415,2019/12/3,11:28,30.77,30.77,30.71,30.71,海康威视,4221467.9,137317,30.7425002,0.001437578,1,30.7425002,2,13000,399652.5026,0.044131308,2
1565,1,CNY,XSHE,2415,2019/12/3,11:29,30.77,30.78,30.71,30.76,海康威视,2605037,84700,30.75604486,0.000440584,1,30.75604486,2,13000,399828.5832,0.013544664,2
1566,1,CNY,XSHE,2415,2019/12/3,11:30,30.76,30.78,30.75,30.78,海康威视,2104723,68400,30.77080409,0.000479881,1,30.77080409,1,10000,307708.0409,0.014759229,2
1567,1,CNY,XSHE,2415,2019/12/3,13:01,30.79,30.82,30.76,30.76,海康威视,7719678.69,250725,30.78942543,0.000605162,1,30.78942543,-1,10000,307894.2543,0.018621333,2
1568,1,CNY,XSHE,2415,2019/12/3,13:02,30.76,30.78,30.75,30.78,海康威视,2742834,89175,30.75788057,-0.001024535,0,30.75788057,2,13000,399852.4474,-0.031544854,0
1569,1,CNY,XSHE,2415,2019/12/3,13:03,30.77,30.78,30.74,30.75,海康威视,1969297.5,64030,30.75585663,-6.58E-05,0,30.75585663,0,7000,215290.9964,-0.002023942,0
1570,1,CNY,XSHE,2415,2019/12/3,13:04,30.76,30.78,30.75,30.77,海康威视,1811360.15,58877,30.76515702,0.000302394,1,30.76515702,0,7000,215356.0992,0.009300393,2
1571,1,CNY,XSHE,2415,2019/12/3,13:05,30.78,30.78,30.74,30.76,海康威视,3018250.5,98130,30.75767349,-0.000243247,0,30.75767349,0,7000,215303.7145,-0.007483528,0
1572,1,CNY,XSHE,2415,2019/12/3,13:06,30.8,30.8,30.75,30.76,海康威视,1898853,61700,30.77557536,0.000582029,1,30.77557536,2,13000,400082.4797,0.01790187,2
1573,1,CNY,XSHE,2415,2019/12/3,13:07,30.77,30.8,30.77,30.79,海康威视,2511817,81600,30.78207108,0.000211067,1,30.78207108,2,13000,400166.924,0.006495714,2
1574,1,CNY,XSHE,2415,2019/12/3,13:08,30.73,30.75,30.72,30.75,海康威视,1791938,58300,30.73650086,-0.001480414,0,30.73650086,0,7000,215155.506,-0.045570221,0
1575,1,CNY,XSHE,2415,2019/12/3,13:09,30.74,30.74,30.72,30.73,海康威视,2538199,82600,30.72880145,-0.000250497,0,30.72880145,2,13000,399474.4189,-0.007699405,0
1576,1,CNY,XSHE,2415,2019/12/3,13:10,30.78,30.79,30.72,30.73,海康威视,3502314,113900,30.74902546,0.000658145,1,30.74902546,2,13000,399737.331,0.020224008,2
1577,1,CNY,XSHE,2415,2019/12/3,13:11,30.79,30.85,30.77,30.79,海康威视,4207035,136600,30.79820644,0.001599432,1,30.79820644,2,13000,400376.6837,0.049180981,2
1578,1,CNY,XSHE,2415,2019/12/3,13:12,30.81,30.84,30.79,30.79,海康威视,2350778,76300,30.80967235,0.000372291,1,30.80967235,0,7000,215667.7064,0.011465904,2
1579,1,CNY,XSHE,2415,2019/12/3,13:13,30.78,30.82,30.78,30.82,海康威视,3945885,128100,30.80316159,-0.000211322,0,30.80316159,2,13000,400441.1007,-0.006510753,0
1580,1,CNY,XSHE,2415,2019/12/3,13:14,30.78,30.81,30.78,30.81,海康威视,2608415,84700,30.7959268,-0.000234872,0,30.7959268,0,7000,215571.4876,-0.007234792,0
1581,1,CNY,XSHE,2415,2019/12/3,13:15,30.78,30.8,30.75,30.78,海康威视,2415173,78500,30.76653503,-0.000954404,0,30.76653503,1,10000,307665.3503,-0.029391769,0
1582,1,CNY,XSHE,2415,2019/12/3,13:16,30.74,30.77,30.74,30.77,海康威视,2347057,76300,30.76090433,-0.000183014,0,30.76090433,1,10000,307609.0433,-0.005630707,0
1583,1,CNY,XSHE,2415,2019/12/3,13:17,30.73,30.75,30.73,30.75,海康威视,1773973,57700,30.74476603,-0.000524637,0,30.74476603,0,7000,215213.3622,-0.016138294,0
1584,1,CNY,XSHE,2415,2019/12/3,13:18,30.75,30.75,30.73,30.74,海康威视,1958210,63700,30.7411303,-0.000118255,0,30.7411303,0,7000,215187.9121,-0.003635733,0
1585,1,CNY,XSHE,2415,2019/12/3,13:19,30.74,30.76,30.74,30.76,海康威视,1805159,58700,30.75228279,0.000362787,1,30.75228279,2,13000,399779.6763,0.011152496,2
1586,1,CNY,XSHE,2415,2019/12/3,13:20,30.73,30.75,30.73,30.75,海康威视,1774638.06,57722,30.74456983,-0.000250809,0,30.74456983,0,7000,215211.9888,-0.007712959,0
1587,1,CNY,XSHE,2415,2019/12/3,13:21,30.74,30.75,30.73,30.73,海康威视,2203919.84,71700,30.73807308,-0.000211314,0,30.73807308,0,7000,215166.5116,-0.006496752,0
1588,1,CNY,XSHE,2415,2019/12/3,13:22,30.75,30.75,30.74,30.75,海康威视,4012556,130500,30.74755556,0.000308493,1,30.74755556,2,13000,399718.2222,0.009482473,2
1589,1,CNY,XSHE,2415,2019/12/3,13:23,30.76,30.77,30.75,30.77,海康威视,2479120,80600,30.75831266,0.000349852,1,30.75831266,2,13000,399858.0645,0.0107571,2
1590,1,CNY,XSHE,2415,2019/12/3,13:24,30.82,30.83,30.76,30.78,海康威视,3627720,117800,30.79558574,0.001211805,1,30.79558574,2,13000,400342.6146,0.037273083,2
1591,1,CNY,XSHE,2415,2019/12/3,13:25,30.75,30.84,30.75,30.84,海康威视,2434443.16,79041,30.79975152,0.000135272,1,30.79975152,2,13000,400396.7698,0.004165783,2
1592,1,CNY,XSHE,2415,2019/12/3,13:26,30.75,30.78,30.75,30.78,海康威视,2260925.5,73482,30.76842628,-0.001017061,0,30.76842628,0,7000,215378.984,-0.03132524,0
1593,1,CNY,XSHE,2415,2019/12/3,13:27,30.74,30.77,30.74,30.77,海康威视,2064076.68,67118,30.75295271,-0.000502904,0,30.75295271,1,10000,307529.5271,-0.015473571,0
1594,1,CNY,XSHE,2415,2019/12/3,13:28,30.75,30.75,30.74,30.75,海康威视,2185948,71100,30.74469761,-0.000268433,0,30.74469761,0,7000,215212.8833,-0.008255101,0
1595,1,CNY,XSHE,2415,2019/12/3,13:29,30.74,30.75,30.74,30.75,海康威视,1692263.34,55041,30.74550499,2.63E-05,1,30.74550499,2,13000,399691.5648,0.000807378,2
1596,1,CNY,XSHE,2415,2019/12/3,13:30,30.74,30.76,30.74,30.74,海康威视,4304889,140000,30.74920714,0.000120413,1,30.74920714,0,7000,215244.45,0.003702156,2
1597,1,CNY,XSHE,2415,2019/12/3,13:31,30.77,30.77,30.74,30.75,海康威视,5099032.7,165805,30.75319019,0.000129533,1,30.75319019,1,10000,307531.9019,0.00398305,2
1598,1,CNY,XSHE,2415,2019/12/3,13:32,30.79,30.82,30.77,30.77,海康威视,7210367,234200,30.78722032,0.001106556,1,30.78722032,2,13000,400233.8642,0.034030131,2
1599,1,CNY,XSHE,2415,2019/12/3,13:33,30.77,30.8,30.77,30.8,海康威视,1167606.65,37935,30.77913932,-0.000262479,0,30.77913932,2,13000,400128.8111,-0.008081007,0
1600,1,CNY,XSHE,2415,2019/12/3,13:34,30.77,30.78,30.76,30.78,海康威视,3427627,111400,30.76864452,-0.000340971,0,30.76864452,0,7000,215380.5117,-0.010494793,0
1601,1,CNY,XSHE,2415,2019/12/3,13:35,30.82,30.82,30.76,30.77,海康威视,2235185,72600,30.78767218,0.00061841,1,30.78767218,1,10000,307876.7218,0.019027652,2
1602,1,CNY,XSHE,2415,2019/12/3,13:36,30.85,30.86,30.82,30.82,海康威视,4505473,146100,30.838282,0.001643834,1,30.838282,2,13000,400897.666,0.050609822,2
1603,1,CNY,XSHE,2415,2019/12/3,13:37,30.88,30.89,30.84,30.84,海康威视,2821052,91400,30.86490153,0.000863198,1,30.86490153,2,13000,401243.7199,0.026619533,2
1604,1,CNY,XSHE,2415,2019/12/3,13:38,30.86,30.88,30.85,30.88,海康威视,3444528,111600,30.86494624,1.45E-06,1,30.86494624,2,13000,401244.3011,4.47048E-05,2
1605,1,CNY,XSHE,2415,2019/12/3,13:39,30.83,30.85,30.82,30.84,海康威视,2760109,89500,30.8392067,-0.000833941,0,30.8392067,0,7000,215874.4469,-0.025739533,0
1606,1,CNY,XSHE,2415,2019/12/3,13:40,30.82,30.83,30.81,30.82,海康威视,3140286,101900,30.81733072,-0.000709356,0,30.81733072,0,7000,215721.315,-0.021875988,0
1607,1,CNY,XSHE,2415,2019/12/3,13:41,30.81,30.83,30.8,30.83,海康威视,2224674,72200,30.81265928,-0.000151585,0,30.81265928,0,7000,215688.615,-0.004671437,0
1608,1,CNY,XSHE,2415,2019/12/3,13:42,30.83,30.83,30.8,30.81,海康威视,2462021,79900,30.81377972,3.64E-05,1,30.81377972,0,7000,215696.4581,0.001120445,2
1609,1,CNY,XSHE,2415,2019/12/3,13:43,30.81,30.83,30.79,30.83,海康威视,3299721.69,107111,30.80656226,-0.000234229,0,30.80656226,2,13000,400485.3094,-0.007217467,0
1610,1,CNY,XSHE,2415,2019/12/3,13:44,30.8,30.82,30.79,30.8,海康威视,2686169,87200,30.80469037,-6.08E-05,0,30.80469037,0,7000,215632.8326,-0.001871891,0
1611,1,CNY,XSHE,2415,2019/12/3,13:45,30.79,30.8,30.79,30.79,海康威视,1699583.94,55189,30.79570095,-0.00029182,0,30.79570095,0,7000,215569.9067,-0.008989412,0
1612,1,CNY,XSHE,2415,2019/12/3,13:46,30.82,30.84,30.79,30.79,海康威视,3035928.86,98537,30.81003948,0.000465601,1,30.81003948,2,13000,400530.5132,0.014338523,2
1613,1,CNY,XSHE,2415,2019/12/3,13:47,30.8,30.82,30.8,30.82,海康威视,1592901,51700,30.81046422,1.38E-05,1,30.81046422,2,13000,400536.0348,0.000424739,2
1614,1,CNY,XSHE,2415,2019/12/3,13:48,30.79,30.81,30.78,30.81,海康威视,2528244,82100,30.7946894,-0.000511995,0,30.7946894,0,7000,215562.8258,-0.015774813,0
1615,1,CNY,XSHE,2415,2019/12/3,13:49,30.82,30.82,30.77,30.79,海康威视,3282410.63,106623,30.78520235,-0.000308074,0,30.78520235,0,7000,215496.4164,-0.009487055,0
1616,1,CNY,XSHE,2415,2019/12/3,13:50,30.84,30.86,30.82,30.82,海康威视,2869492.52,93044,30.84016723,0.001785432,1,30.84016723,2,13000,400922.174,0.054964884,2
1617,1,CNY,XSHE,2415,2019/12/3,13:51,30.85,30.86,30.83,30.84,海康威视,3727065,120800,30.85318709,0.000422172,1,30.85318709,2,13000,401091.4321,0.013019853,2
1618,1,CNY,XSHE,2415,2019/12/3,13:52,30.86,30.87,30.84,30.86,海康威视,2453322,79500,30.85939623,0.000201248,1,30.85939623,0,7000,216015.7736,0.00620914,2
1619,1,CNY,XSHE,2415,2019/12/3,13:53,30.8,30.84,30.8,30.83,海康威视,3373816.2,109456,30.82349254,-0.00116346,0,30.82349254,0,7000,215764.4478,-0.035903681,0
1620,1,CNY,XSHE,2415,2019/12/3,13:54,30.79,30.82,30.78,30.8,海康威视,3482371,113100,30.79019452,-0.001080281,0,30.79019452,2,13000,400272.5287,-0.033298027,0
1621,1,CNY,XSHE,2415,2019/12/3,13:55,30.78,30.83,30.77,30.79,海康威视,2644700.36,85900,30.78812992,-6.71E-05,0,30.78812992,0,7000,215516.9094,-0.0020646,0
1622,1,CNY,XSHE,2415,2019/12/3,13:56,30.79,30.85,30.77,30.78,海康威视,2780459.7,90300,30.7913588,0.000104874,1,30.7913588,2,13000,400287.6645,0.003228885,2
1623,1,CNY,XSHE,2415,2019/12/3,13:57,30.77,30.85,30.77,30.79,海康威视,4183405.44,135872,30.78931229,-6.65E-05,0,30.78931229,0,7000,215525.1861,-0.00204651,0
1624,1,CNY,XSHE,2415,2019/12/3,13:58,30.79,30.82,30.77,30.77,海康威视,2484213,80700,30.78330855,-0.000194994,0,30.78330855,0,7000,215483.1599,-0.006003744,0
1625,1,CNY,XSHE,2415,2019/12/3,13:59,30.8,30.8,30.78,30.78,海康威视,2247622.4,73000,30.78934795,0.000196191,1,30.78934795,2,13000,400261.5233,0.006039395,2
1626,1,CNY,XSHE,2415,2019/12/3,14:00,30.79,30.8,30.78,30.8,海康威视,1611842,52350,30.78972302,1.22E-05,1,30.78972302,0,7000,215528.0611,0.000375073,2
1627,1,CNY,XSHE,2415,2019/12/3,14:01,30.85,30.86,30.78,30.8,海康威视,4020937.12,130466,30.81980838,0.000977123,1,30.81980838,0,7000,215738.6587,0.030085361,2
1628,1,CNY,XSHE,2415,2019/12/3,14:02,30.87,30.87,30.84,30.84,海康威视,2745911.49,89005,30.85120488,0.001018712,1,30.85120488,2,13000,401065.6634,0.031396497,2
1629,1,CNY,XSHE,2415,2019/12/3,14:03,30.82,30.86,30.82,30.86,海康威视,2475049.36,80229,30.84980942,-4.52E-05,0,30.84980942,2,13000,401047.5225,-0.001395456,0
1630,1,CNY,XSHE,2415,2019/12/3,14:04,30.84,30.85,30.81,30.81,海康威视,2352215,76300,30.8285059,-0.000690556,0,30.8285059,0,7000,215799.5413,-0.021303523,0
1631,1,CNY,XSHE,2415,2019/12/3,14:05,30.83,30.84,30.82,30.84,海康威视,1889954,61300,30.83122349,8.82E-05,1,30.83122349,2,13000,400805.9054,0.002717593,2
1632,1,CNY,XSHE,2415,2019/12/3,14:06,30.83,30.84,30.81,30.82,海康威视,2195916.8,71240,30.82421112,-0.000227444,0,30.82421112,0,7000,215769.4778,-0.007012374,0
1633,1,CNY,XSHE,2415,2019/12/3,14:07,30.82,30.84,30.81,30.83,海康威视,2543278,82500,30.82761212,0.000110335,1,30.82761212,1,10000,308276.1212,0.003401004,2
1634,1,CNY,XSHE,2415,2019/12/3,14:08,30.82,30.83,30.81,30.82,海康威视,3241114.2,105160,30.82078927,-0.000221323,0,30.82078927,0,7000,215745.5249,-0.006822848,0
1635,1,CNY,XSHE,2415,2019/12/3,14:09,30.87,30.87,30.83,30.83,海康威视,5635774,182700,30.84714833,0.000855236,1,30.84714833,1,10000,308471.4833,0.026359057,2
1636,1,CNY,XSHE,2415,2019/12/3,14:10,30.86,30.87,30.85,30.87,海康威视,2129476.91,69000,30.8619842,0.000480948,1,30.8619842,2,13000,401205.7946,0.014835872,2
1637,1,CNY,XSHE,2415,2019/12/3,14:11,30.88,30.9,30.85,30.85,海康威视,5734265,185700,30.87918686,0.000557406,1,30.87918686,0,7000,216154.308,0.017202658,2
1638,1,CNY,XSHE,2415,2019/12/3,14:12,30.85,30.89,30.83,30.89,海康威视,5104434.88,165400,30.86115405,-0.000583979,0,30.86115405,2,13000,401195.0027,-0.01803281,0
1639,1,CNY,XSHE,2415,2019/12/3,14:13,30.84,30.88,30.81,30.85,海康威视,6343518,205640,30.84768528,-0.000436431,0,30.84768528,0,7000,215933.7969,-0.013468776,0
1640,1,CNY,XSHE,2415,2019/12/3,14:14,30.88,30.88,30.83,30.84,海康威视,3183137,103200,30.84435078,-0.000108096,0,30.84435078,0,7000,215910.4554,-0.0033345,0
1641,1,CNY,XSHE,2415,2019/12/3,14:15,30.87,30.88,30.86,30.88,海康威视,2071548,67100,30.87254844,0.000914192,1,30.87254844,2,13000,401343.1297,0.02819766,2
1642,1,CNY,XSHE,2415,2019/12/3,14:16,30.84,30.87,30.84,30.87,海康威视,3171560,102800,30.85175097,-0.000673656,0,30.85175097,0,7000,215962.2568,-0.020797462,0
1643,1,CNY,XSHE,2415,2019/12/3,14:17,30.84,30.86,30.83,30.84,海康威视,3654526.28,118504,30.83884325,-0.000418379,0,30.83884325,0,7000,215871.9027,-0.012907727,0
1644,1,CNY,XSHE,2415,2019/12/3,14:18,30.86,30.86,30.83,30.85,海康威视,2767059,89700,30.84792642,0.000294537,1,30.84792642,1,10000,308479.2642,0.009083176,2
1645,1,CNY,XSHE,2415,2019/12/3,14:19,30.83,30.85,30.83,30.85,海康威视,2134335.81,69200,30.84300303,-0.000159602,0,30.84300303,2,13000,400959.0395,-0.004923387,0
1646,1,CNY,XSHE,2415,2019/12/3,14:20,30.84,30.85,30.83,30.83,海康威视,2454855,79600,30.83988693,-0.000101031,0,30.83988693,0,7000,215879.2085,-0.0031161,0
1647,1,CNY,XSHE,2415,2019/12/3,14:21,30.84,30.85,30.83,30.83,海康威视,2177497,70600,30.84273371,9.23E-05,1,30.84273371,2,13000,400955.5382,0.002846776,2
1648,1,CNY,XSHE,2415,2019/12/3,14:22,30.83,30.84,30.83,30.84,海康威视,3024956,98100,30.83543323,-0.0002367,0,30.83543323,1,10000,308354.3323,-0.00730048,0
1649,1,CNY,XSHE,2415,2019/12/3,14:23,30.85,30.85,30.8,30.83,海康威视,4419836,143410,30.81958022,-0.000514117,0,30.81958022,0,7000,215737.0616,-0.015853007,0
1650,1,CNY,XSHE,2415,2019/12/3,14:24,30.8,30.85,30.79,30.84,海康威视,6799816,220690,30.81161811,-0.000258346,0,30.81161811,2,12000,369739.4173,-0.007962118,0
1651,1,CNY,XSHE,2415,2019/12/3,14:25,30.8,30.8,30.79,30.79,海康威视,2602705.9,84510,30.79760857,-0.000454684,0,30.79760857,0,0,0,-0.01400954,0
1652,1,CNY,XSHE,2415,2019/12/3,14:26,30.82,30.82,30.8,30.8,海康威视,1922936.48,62408,30.81233944,0.000478312,1,30.81233944,1,0,0,0.014730877,2
1653,1,CNY,XSHE,2415,2019/12/3,14:27,30.83,30.84,30.82,30.82,海康威视,2438724,79100,30.8308976,0.000602296,1,30.8308976,2,0,0,0.018558154,2
1654,1,CNY,XSHE,2415,2019/12/3,14:28,30.84,30.85,30.8,30.83,海康威视,5248330.92,170300,30.81814985,-0.000413473,0,30.81814985,2,0,0,-0.012747745,0
1655,1,CNY,XSHE,2415,2019/12/3,14:29,30.87,30.87,30.8,30.81,海康威视,5252703,170400,30.82572183,0.000245699,1,30.82572183,2,0,0,0.007571978,2
1656,1,CNY,XSHE,2415,2019/12/3,14:30,30.9,30.92,30.86,30.87,海康威视,6165535,199600,30.88945391,0.002067497,1,30.88945391,2,0,0,0.063732077,2
1657,1,CNY,XSHE,2415,2019/12/3,14:31,30.96,30.98,30.9,30.92,海康威视,6402442.2,206840,30.95359795,0.002076568,1,30.95359795,2,0,0,0.064144042,2
1658,1,CNY,XSHE,2415,2019/12/3,14:32,31.02,31.04,30.98,30.98,海康威视,11358644.28,366428,30.99829784,0.001444093,1,30.99829784,2,0,0,0.044699887,2
1659,1,CNY,XSHE,2415,2019/12/3,14:33,31.03,31.03,31.01,31.03,海康威视,5432101,175100,31.0228498,0.000792042,1,31.0228498,2,0,0,0.024551963,2
1660,1,CNY,XSHE,2415,2019/12/3,14:34,30.98,31.04,30.98,31.03,海康威视,5241916.72,168972,31.0223985,-1.45E-05,0,31.0223985,0,0,0,-0.000451296,0
1661,1,CNY,XSHE,2415,2019/12/3,14:35,30.95,30.98,30.95,30.96,海康威视,2672134.95,86301,30.96296625,-0.001915785,0,30.96296625,0,0,0,-0.059432258,0
1662,1,CNY,XSHE,2415,2019/12/3,14:36,30.99,30.99,30.95,30.95,海康威视,2589172,83600,30.97095694,0.000258073,1,30.97095694,0,0,0,0.007990692,2
1663,1,CNY,XSHE,2415,2019/12/3,14:37,30.96,30.98,30.95,30.98,海康威视,2108786.79,68099,30.96648688,-0.000144331,0,30.96648688,2,0,0,-0.004470058,0
1664,1,CNY,XSHE,2415,2019/12/3,14:38,30.94,30.96,30.93,30.94,海康威视,2172364,70200,30.94535613,-0.000682375,0,30.94535613,0,0,0,-0.021130754,0
1665,1,CNY,XSHE,2415,2019/12/3,14:39,30.92,30.93,30.92,30.93,海康威视,2396272.8,77490,30.92363918,-0.000701784,0,30.92363918,0,0,0,-0.021716946,0
1666,1,CNY,XSHE,2415,2019/12/3,14:40,30.9,30.93,30.9,30.92,海康威视,2331607.9,75413,30.91785103,-0.000187175,0,30.91785103,0,0,0,-0.005788146,0
1667,1,CNY,XSHE,2415,2019/12/3,14:41,30.9,30.91,30.9,30.9,海康威视,3443120.8,111412,30.90439809,-0.000435119,0,30.90439809,0,0,0,-0.013452944,0
1668,1,CNY,XSHE,2415,2019/12/3,14:42,30.91,30.91,30.9,30.9,海康威视,3427477.6,110904,30.90490514,1.64E-05,1,30.90490514,1,0,0,0.000507053,2
1669,1,CNY,XSHE,2415,2019/12/3,14:43,30.91,30.91,30.9,30.9,海康威视,2994779.5,96905,30.90428254,-2.01E-05,0,30.90428254,2,0,0,-0.000622598,0
1670,1,CNY,XSHE,2415,2019/12/3,14:44,30.92,30.93,30.9,30.9,海康威视,2806962.44,90794,30.91572615,0.000370292,1,30.91572615,1,0,0,0.011443605,2
1671,1,CNY,XSHE,2415,2019/12/3,14:45,30.94,30.94,30.9,30.92,海康威视,2267280.5,73350,30.91043626,-0.000171107,0,30.91043626,0,0,0,-0.005289885,0
1672,1,CNY,XSHE,2415,2019/12/3,14:46,30.98,30.98,30.93,30.93,海康威视,4779504.58,154432,30.94892626,0.00124521,1,30.94892626,2,0,0,0.038489994,2
1673,1,CNY,XSHE,2415,2019/12/3,14:47,31,31,30.97,30.97,海康威视,4397510,141900,30.99020437,0.001333749,1,30.99020437,2,0,0,0.04127811,2
1674,1,CNY,XSHE,2415,2019/12/3,14:48,30.99,31,30.99,31,海康威视,2358345.12,76088,30.99496793,0.000153712,1,30.99496793,2,0,0,0.004763563,2
1675,1,CNY,XSHE,2415,2019/12/3,14:49,31.02,31.02,30.99,30.99,海康威视,2814927,90809,30.99832616,0.000108347,1,30.99832616,0,0,0,0.003358225,2
1676,1,CNY,XSHE,2415,2019/12/3,14:50,31.02,31.03,31.01,31.03,海康威视,2804726,90411,31.02195529,0.000762271,1,31.02195529,2,0,0,0.023629136,2
1677,1,CNY,XSHE,2415,2019/12/3,14:51,31.03,31.05,31.01,31.02,海康威视,6149231.63,198200,31.02538663,0.00011061,1,31.02538663,1,0,0,0.003431337,2
1678,1,CNY,XSHE,2415,2019/12/3,14:52,31.03,31.04,31.02,31.03,海康威视,3068507,98900,31.02635996,3.14E-05,1,31.02635996,0,0,0,0.00097333,2
1679,1,CNY,XSHE,2415,2019/12/3,14:53,31.02,31.03,31.01,31.02,海康威视,3225772.82,104000,31.01704635,-0.000300184,0,31.01704635,1,0,0,-0.009313613,0
1680,1,CNY,XSHE,2415,2019/12/3,14:54,31,31.02,31,31.02,海康威视,3091057,99696,31.00482467,-0.000394031,0,31.00482467,0,0,0,-0.012221679,0
1681,1,CNY,XSHE,2415,2019/12/3,14:55,31.02,31.02,30.99,31,海康威视,3987057,128600,31.00355365,-4.10E-05,0,31.00355365,0,0,0,-0.001271012,0
1682,1,CNY,XSHE,2415,2019/12/3,14:56,31.01,31.02,31,31.02,海康威视,3422442.06,110364,31.0104931,0.000223827,1,31.0104931,2,0,0,0.006939441,2
,,,,,,,,,,,,,,,,,30.81143228,,2010000,61892094.41,,
,,,,,,,,,,,,,,,,,30.78999552,,,,,
,,,,,,,,,,,,,,,,,,,30.79208677,,,
